parameterExternalId,testExternalId,gender,ageMinYears,ageMaxYears,rangeExpression,lowValue,highValue,criticalLow,criticalHigh,unit,notes
p2165,t2002,F,,,,,20.0,,,mm/1st hr,
p2165,t2002,M,,,,,10.0,,,mm/1st hr,
p2201,t2002,F,,,11.5-14.0,11.5,14.0,,,g/dl,
p2201,t2002,M,,,13.5-17.5,13.5,17.5,,,g/dl,
p2293,t2002,,,,4.0-6.0,4.0,6.0,,,*10^12/l,
p2200,t2002,,,,40.0-52.0,40.0,52.0,,,%,
p2239,t2002,,,,75.0-100.0,75.0,100.0,,,fl,
p2238,t2002,,,,25.0-35.0,25.0,35.0,,,pg,
p2237,t2002,,,,31.0-38.0,31.0,38.0,,,g/dl,
p2295,t2002,,,,11.0-16.0,11.0,16.0,,,%,
p2296,t2002,,,,35.0-56.0,35.0,56.0,,,fl,
p2271,t2002,,,,150.0-400.0,150.0,400.0,,,*10^9/l,
p2240,t2002,,,,7.0-11.0,7.0,11.0,,,fL,
p2269,t2002,,,,9.0-17.0,9.0,17.0,,,-,
p2270,t2002,,,,1.08-2.82,1.08,2.82,,,mL/L,
p2260,t2002,,,,30.0-90.0,30.0,90.0,,,*10^9/l,
p2261,t2002,,,,0.11-0.45,0.11,0.45,,,-,
p2371,t2002,,,,4.0-11.0,4.0,11.0,,,*10^9/l,
p2254,t2002,,,,40.0-75.0,40.0,75.0,,,%,
p2232,t2002,,,,20.0-50.0,20.0,50.0,,,%,
p2245,t2002,,,,2.0-10.0,2.0,10.0,,,%,
p2161,t2002,,,,1.0-6.0,1.0,6.0,,,%,
p2085,t2002,,,,0.0-1.0,0.0,1.0,,,%,
p2253,t2002,,,,2.0-7.0,2.0,7.0,,,*10^9/L,
p2231,t2002,,,,0.8-4.0,0.8,4.0,,,*10^9/l,
p2244,t2002,,,,0.12-1.2,0.12,1.2,,,*10^9/l,
p2162,t2002,,,,0.02-0.5,0.02,0.5,,,*10^9/l,
p2084,t2002,,,,0.0-0.1,0.0,0.1,,,*10^9/l,
p2083,t2002,,,,,,10.0,,,%,parsed as less_than from: Less than 10
p2145,t2004,,,,60.0-166.0,60.0,166.0,,,mg/dl,
p2124,t2004,,,,42.0-353.0,42.0,353.0,,,mg/L,
p2271,t2007,,,,150.0-400.0,150.0,400.0,,,*10^9/l,
p2371,t2007,,,,4.0-11.0,4.0,11.0,,,*10^9/l,
p2083,t2007,,,,,,10.0,,,%,parsed as less_than from: Less than 10
p2085,t2007,,,,0.0-1.0,0.0,1.0,,,%,
p2254,t2007,,,,40.0-75.0,40.0,75.0,,,%,
p2161,t2007,,,,1.0-6.0,1.0,6.0,,,%,
p2232,t2007,,,,20.0-50.0,20.0,50.0,,,%,
p2245,t2007,,,,2.0-10.0,2.0,10.0,,,%,
p2103,t2009,,,,60.0-140.0,60.0,140.0,,,mg/dl,
p2105,t2009,,,,60.0-110.0,60.0,110.0,,,mg/dl,
p2196,t2011,F,,,11.5-14.0,11.5,14.0,,,g/dl,
p2196,t2011,M,,,13.5-17.5,13.5,17.5,,,g/dl,
p2293,t2011,,,,4.0-6.0,4.0,6.0,,,*10^12/l,
p2200,t2011,,,,40.0-52.0,40.0,52.0,,,%,
p2239,t2011,,,,75.0-100.0,75.0,100.0,,,fl,
p2238,t2011,,,,25.0-35.0,25.0,35.0,,,pg,
p2237,t2011,,,,31.0-38.0,31.0,38.0,,,g/dl,
p2271,t2011,,,,150.0-400.0,150.0,400.0,,,*10^9/l,
p2371,t2011,,,,4.0-11.0,4.0,11.0,,,*10^9/l,
p2232,t2011,,,,,,,,,%,"MANUAL_REVIEW: Adult: 25 - 40, Child: 45- 70"
p2254,t2011,,,,,,,,,%,"MANUAL_REVIEW: Adult: 55 - 70, Child: 20 - 45"
p2163,t2011,,,,,,,,,%,"MANUAL_REVIEW: Adult: 01 - 05, Child: 02 - 07"
p2245,t2011,,,,2.0-10.0,2.0,10.0,,,%,
p2085,t2011,,,,0.0-1.0,0.0,1.0,,,%,
p2083,t2011,,,,,,10.0,,,%,parsed as less_than from: Less than 10
p2184,t2011,,,,96.0-99.0,96.0,99.0,,,%,
p2187,t2011,,,,0.1-1.0,0.1,1.0,,,%,
p2185,t2011,,,,1.8-3.2,1.8,3.2,,,%,
p2254,t2018,,,,40.0-75.0,40.0,75.0,,,%,
p2232,t2018,,,,20.0-50.0,20.0,50.0,,,%,
p2245,t2018,,,,2.0-10.0,2.0,10.0,,,%,
p2161,t2018,,,,1.0-6.0,1.0,6.0,,,%,
p2085,t2018,,,,0.0-1.0,0.0,1.0,,,%,
p2083,t2018,,,,,,10.0,,,%,parsed as less_than from: Less than 10
p2282,t2020,,,,10.2-13.5,10.2,13.5,,,sec.,
p2216,t2020,,,,0.8-1.1,0.8,1.1,,,Ratio,
p2165,t2031,F,,,,,20.0,,,mm/1st hr,
p2165,t2031,M,,,,,10.0,,,mm/1st hr,
p2201,t2031,F,,,11.5-14.0,11.5,14.0,,,g/dl,
p2201,t2031,M,,,13.5-17.5,13.5,17.5,,,g/dl,
p2293,t2031,,,,4.0-6.0,4.0,6.0,,,*10^12/l,
p2200,t2031,,,,40.0-52.0,40.0,52.0,,,%,
p2239,t2031,,,,75.0-100.0,75.0,100.0,,,fl,
p2238,t2031,,,,25.0-35.0,25.0,35.0,,,pg,
p2237,t2031,,,,31.0-38.0,31.0,38.0,,,g/dl,
p2295,t2031,,,,11.0-16.0,11.0,16.0,,,%,
p2296,t2031,,,,35.0-56.0,35.0,56.0,,,fl,
p2271,t2031,,,,150.0-400.0,150.0,400.0,,,*10^9/l,
p2240,t2031,,,,7.0-11.0,7.0,11.0,,,fL,
p2269,t2031,,,,9.0-17.0,9.0,17.0,,,-,
p2270,t2031,,,,1.08-2.82,1.08,2.82,,,mL/L,
p2260,t2031,,,,30.0-90.0,30.0,90.0,,,*10^9/l,
p2261,t2031,,,,0.11-0.45,0.11,0.45,,,-,
p2371,t2031,,,,4.0-11.0,4.0,11.0,,,*10^9/l,
p2254,t2031,,,,40.0-75.0,40.0,75.0,,,%,
p2232,t2031,,,,20.0-50.0,20.0,50.0,,,%,
p2245,t2031,,,,2.0-10.0,2.0,10.0,,,%,
p2161,t2031,,,,1.0-6.0,1.0,6.0,,,%,
p2085,t2031,,,,0.0-1.0,0.0,1.0,,,%,
p2253,t2031,,,,2.0-7.0,2.0,7.0,,,*10^9/L,
p2231,t2031,,,,0.8-4.0,0.8,4.0,,,*10^9/l,
p2244,t2031,,,,0.12-1.2,0.12,1.2,,,*10^9/l,
p2162,t2031,,,,0.02-0.5,0.02,0.5,,,*10^9/l,
p2084,t2031,,,,0.0-0.1,0.0,0.1,,,*10^9/l,
p2083,t2031,,,,,,10.0,,,%,parsed as less_than from: Less than 10
p2271,t2032,,,,150.0-400.0,150.0,400.0,,,*10^9/l,
p2371,t2032,,,,4.0-11.0,4.0,11.0,,,*10^9/l,
p2083,t2032,,,,,,10.0,,,%,parsed as less_than from: Less than 10
p2085,t2032,,,,0.0-1.0,0.0,1.0,,,%,
p2254,t2032,,,,40.0-75.0,40.0,75.0,,,%,
p2161,t2032,,,,1.0-6.0,1.0,6.0,,,%,
p2232,t2032,,,,20.0-50.0,20.0,50.0,,,%,
p2245,t2032,,,,2.0-10.0,2.0,10.0,,,%,
p2165,t2038,F,,,,,20.0,,,mm/1st hr,
p2165,t2038,M,,,,,10.0,,,mm/1st hr,
p2201,t2038,F,,,11.5-14.0,11.5,14.0,,,g/dl,
p2201,t2038,M,,,13.5-17.5,13.5,17.5,,,g/dl,
p2293,t2038,,,,4.0-6.0,4.0,6.0,,,*10^12/l,
p2200,t2038,,,,40.0-52.0,40.0,52.0,,,%,
p2239,t2038,,,,75.0-100.0,75.0,100.0,,,fl,
p2238,t2038,,,,25.0-35.0,25.0,35.0,,,pg,
p2237,t2038,,,,31.0-38.0,31.0,38.0,,,g/dl,
p2295,t2038,,,,11.0-16.0,11.0,16.0,,,%,
p2296,t2038,,,,35.0-56.0,35.0,56.0,,,fl,
p2271,t2038,,,,150.0-400.0,150.0,400.0,,,*10^9/l,
p2240,t2038,,,,7.0-11.0,7.0,11.0,,,fL,
p2269,t2038,,,,9.0-17.0,9.0,17.0,,,-,
p2270,t2038,,,,1.08-2.82,1.08,2.82,,,mL/L,
p2260,t2038,,,,30.0-90.0,30.0,90.0,,,*10^9/l,
p2261,t2038,,,,0.11-0.45,0.11,0.45,,,-,
p2371,t2038,,,,4.0-11.0,4.0,11.0,,,*10^9/l,
p2254,t2038,,,,40.0-75.0,40.0,75.0,,,%,
p2232,t2038,,,,20.0-50.0,20.0,50.0,,,%,
p2245,t2038,,,,2.0-10.0,2.0,10.0,,,%,
p2161,t2038,,,,1.0-6.0,1.0,6.0,,,%,
p2085,t2038,,,,0.0-1.0,0.0,1.0,,,%,
p2253,t2038,,,,2.0-7.0,2.0,7.0,,,*10^9/L,
p2231,t2038,,,,0.8-4.0,0.8,4.0,,,*10^9/l,
p2244,t2038,,,,0.12-1.2,0.12,1.2,,,*10^9/l,
p2162,t2038,,,,0.02-0.5,0.02,0.5,,,*10^9/l,
p2084,t2038,,,,0.0-0.1,0.0,0.1,,,*10^9/l,
p2083,t2038,,,,,,10.0,,,%,parsed as less_than from: Less than 10
p2282,t2039,,,,10.2-13.5,10.2,13.5,,,sec.,
p2216,t2039,,,,0.8-1.1,0.8,1.1,,,Ratio,
p2158,t2042,F,,,11.5-14.0,11.5,14.0,,,g/dl,
p2158,t2042,M,,,13.5-17.5,13.5,17.5,,,g/dl,
p2191,t2042,,,,,,,,,-,MANUAL_REVIEW: Negative
p2047,t2042,,,,,,,,,-,MANUAL_REVIEW: Negative
p2207,t2042,,,,,,,,,-,MANUAL_REVIEW: Negative
p2304,t2042,,,,,,,,,-,MANUAL_REVIEW: Negative
p2236,t2042,,,,,,,,,-,MANUAL_REVIEW: Negative
p2371,t2043,,,,4.0-11.0,4.0,11.0,,,*10^9/l,
p2293,t2043,M,,,4.5-6.0,4.5,6.0,,,*10^12/l,
p2293,t2043,F,,,3.8-4.8,3.8,4.8,,,*10^12/l,
p2201,t2043,M,,,14.0-18.0,14.0,18.0,,,g/dl,
p2201,t2043,F,,,12.0-16.0,12.0,16.0,,,g/dl,
p2200,t2043,M,,,38.0-50.0,38.0,50.0,,,%,
p2200,t2043,F,,,36.0-46.0,36.0,46.0,,,%,
p2239,t2043,,,,78.0-95.0,78.0,95.0,,,fl,
p2238,t2043,,,,27.0-32.0,27.0,32.0,,,pg,
p2237,t2043,,,,32.0-36.0,32.0,36.0,,,g/dl,
p2295,t2043,,,,11.0-16.0,11.0,16.0,,,%,
p2271,t2043,,,,150.0-450.0,150.0,450.0,,,*10^9/l,
p2254,t2043,,,,40.0-70.0,40.0,70.0,,,%,
p2232,t2043,,,,25.0-40.0,25.0,40.0,,,%,
p2245,t2043,,,,2.0-10.0,2.0,10.0,,,%,
p2163,t2043,,,,1.0-5.0,1.0,5.0,,,%,
p2085,t2043,,,,0.0-1.0,0.0,1.0,,,%,
p2253,t2043,,,,2500.0-7000.0,2500.0,7000.0,,,/mm3,
p2231,t2043,,,,1500.0-4000.0,1500.0,4000.0,,,/mm3,
p2244,t2043,,,,200.0-1000.0,200.0,1000.0,,,/mm3,
p2162,t2043,,,,50.0-500.0,50.0,500.0,,,/mm3,
p2084,t2043,,,,0.0-100.0,0.0,100.0,,,/mm3,
p2165,t2043,M,,,,,14.0,,,mm/1st hr,
p2165,t2043,F,,,,,18.0,,,mm/1st hr,
p2145,t2057,,,,60.0-166.0,60.0,166.0,,,mg/dl,
p2124,t2057,,,,42.0-353.0,42.0,353.0,,,mg/L,
p2143,t2061,,,,0.5-1.5,0.5,1.5,,,G/24 hrs,
p2105,t2064,,,,60.0-110.0,60.0,110.0,,,mg/dl,
p2103,t2064,,,,60.0-140.0,60.0,140.0,,,mg/dl,
p2104,t2064,,,,,,180.0,,,mg/dl,parsed as less_than from: upto 180
p2196,t2065,F,,,11.5-14.0,11.5,14.0,,,g/dl,
p2196,t2065,M,,,13.5-17.5,13.5,17.5,,,g/dl,
p2293,t2065,,,,4.0-6.0,4.0,6.0,,,*10^12/l,
p2200,t2065,,,,40.0-52.0,40.0,52.0,,,%,
p2239,t2065,,,,78.0-95.0,78.0,95.0,,,fl,
p2238,t2065,,,,27.0-32.0,27.0,32.0,,,pg,
p2237,t2065,,,,32.0-36.0,32.0,36.0,,,g/dl,
p2271,t2065,,,,150.0-450.0,150.0,450.0,,,*10^9/l,
p2371,t2065,,,,4.0-11.0,4.0,11.0,,,*10^9/l,
p2232,t2065,,,,,,,,,%,"MANUAL_REVIEW: Adult: 25 - 40, Child: 45- 70"
p2254,t2065,,,,,,,,,%,"MANUAL_REVIEW: Adult: 55 - 70, Child: 20 - 45"
p2163,t2065,,,,,,,,,%,"MANUAL_REVIEW: Adult: 01 - 05, Child: 02 - 07"
p2245,t2065,,,,2.0-10.0,2.0,10.0,,,%,
p2085,t2065,,,,0.0-1.0,0.0,1.0,,,%,
p2184,t2065,,,,96.8-97.8,96.8,97.8,,,%,
p2187,t2065,,,,0.1-1.0,0.1,1.0,,,%,
p2185,t2065,,,,1.5-3.2,1.5,3.2,,,%,
p2254,t2068,,,,40.0-75.0,40.0,75.0,,,%,
p2232,t2068,,,,20.0-50.0,20.0,50.0,,,%,
p2245,t2068,,,,2.0-10.0,2.0,10.0,,,%,
p2161,t2068,,,,1.0-6.0,1.0,6.0,,,%,
p2085,t2068,,,,0.0-1.0,0.0,1.0,,,%,
p2299,t2072,,,,,,,,,%,MANUAL_REVIEW: Adult:   0.5 - 2.5Infant:  0.5 - 3.0Newborn: 2.5 - 6.5
p2005,t2072,,,,,,,,,10^12/l,MANUAL_REVIEW: 0.5-1.0 x 10^12/L
p2300,t2072,,,,,,,,,,MANUAL_REVIEW: RPI <2: inadequate marrow responseRPI =2: suggests adequate marrow response in anaemia
p2201,t2278,M,,,14.0-18.0,14.0,18.0,,,g/dl,
p2201,t2278,F,,,12.0-16.0,12.0,16.0,,,g/dl,
p2200,t2278,M,,,38.0-50.0,38.0,50.0,,,%,
p2200,t2278,F,,,36.0-46.0,36.0,46.0,,,%,
p2371,t2278,,,,4.0-11.0,4.0,11.0,,,*10^9/l,
p2271,t2278,,,,150.0-400.0,150.0,400.0,,,*10^9/l,
p2293,t2278,,,,4.0-6.0,4.0,6.0,,,*10^12/l,
p2239,t2278,,,,75.0-100.0,75.0,100.0,,,fl,
p2238,t2278,,,,25.0-35.0,25.0,35.0,,,pg,
p2237,t2278,,,,31.0-38.0,31.0,38.0,,,g/dl,
p2295,t2278,,,,11.0-16.0,11.0,16.0,,,%,
p2254,t2278,,,,40.0-75.0,40.0,75.0,,,%,
p2232,t2278,,,,20.0-50.0,20.0,50.0,,,%,
p2245,t2278,,,,2.0-10.0,2.0,10.0,,,%,
p2161,t2278,,,,1.0-6.0,1.0,6.0,,,%,
p2253,t2278,,,,2.0-7.0,2.0,7.0,,,*10^9/L,
p2231,t2278,,,,0.8-4.0,0.8,4.0,,,*10^9/l,
p2244,t2278,,,,0.12-1.2,0.12,1.2,,,*10^9/l,
p2162,t2278,,,,0.02-0.5,0.02,0.5,,,*10^9/l,
p2165,t2278,F,,,,,20.0,,,mm/1st hr,
p2165,t2278,M,,,,,10.0,,,mm/1st hr,
p2282,t2279,,,,9.5-14.0,9.5,14.0,,,Seconds,
p2216,t2279,,,,0.9-1.1,0.9,1.1,,,,
p2078,t2280,,,,,,,,,Sec,MANUAL_REVIEW: 34 Sec
p2132,t2280,,,,,,,,,Sec,MANUAL_REVIEW: 34 Sec
p2158,t2293,F,,,11.5-14.0,11.5,14.0,,,g/dl,
p2158,t2293,M,,,13.5-17.5,13.5,17.5,,,g/dl,
p2191,t2293,,,,,,,,,-,MANUAL_REVIEW: Negative
p2047,t2293,,,,,,,,,-,MANUAL_REVIEW: Negative
p2207,t2293,,,,,,,,,-,MANUAL_REVIEW: Negative
p2304,t2293,,,,,,,,,-,MANUAL_REVIEW: Negative
p2236,t2293,,,,,,,,,-,MANUAL_REVIEW: Negative
p2234,t2297,,,,,,,,,,MANUAL_REVIEW: Negative
p2235,t2297,,,,,,,,,,MANUAL_REVIEW: Negative
p2371,t2300,,,,4.0-11.0,4.0,11.0,,,*10^9/l,
p2293,t2300,M,,,4.5-6.0,4.5,6.0,,,*10^12/l,
p2293,t2300,F,,,3.8-4.8,3.8,4.8,,,*10^12/l,
p2201,t2300,M,,,14.0-18.0,14.0,18.0,,,g/dl,
p2201,t2300,F,,,12.0-16.0,12.0,16.0,,,g/dl,
p2200,t2300,M,,,38.0-50.0,38.0,50.0,,,%,
p2200,t2300,F,,,36.0-46.0,36.0,46.0,,,%,
p2271,t2300,,,,150.0-450.0,150.0,450.0,,,*10^9/l,
p2282,t2301,,,,9.5-14.0,9.5,14.0,,,Seconds,
p2216,t2301,,,,0.9-1.1,0.9,1.1,,,,
p2282,t2308,,,,9.5-14.0,9.5,14.0,,,Seconds,
p2216,t2308,,,,0.9-1.1,0.9,1.1,,,,
p2078,t2308,,,,24.0-35.0,24.0,35.0,,,Seconds,
p2201,t2315,M,,,14.0-18.0,14.0,18.0,,,g/dl,
p2201,t2315,F,,,12.0-16.0,12.0,16.0,,,g/dl,
p2200,t2315,M,,,38.0-50.0,38.0,50.0,,,%,
p2200,t2315,F,,,36.0-46.0,36.0,46.0,,,%,
p2371,t2315,,,,4.0-11.0,4.0,11.0,,,*10^9/l,
p2271,t2315,,,,150.0-400.0,150.0,400.0,,,*10^9/l,
p2293,t2315,,,,4.0-6.0,4.0,6.0,,,*10^12/l,
p2239,t2315,,,,75.0-100.0,75.0,100.0,,,fl,
p2238,t2315,,,,25.0-35.0,25.0,35.0,,,pg,
p2239,t2315,,,,78.0-95.0,78.0,95.0,,,fl,
p2237,t2315,,,,31.0-38.0,31.0,38.0,,,g/dl,
p2295,t2315,,,,11.0-16.0,11.0,16.0,,,%,
p2254,t2315,,,,40.0-75.0,40.0,75.0,,,%,
p2232,t2315,,,,20.0-50.0,20.0,50.0,,,%,
p2245,t2315,,,,2.0-10.0,2.0,10.0,,,%,
p2161,t2315,,,,1.0-6.0,1.0,6.0,,,%,
p2253,t2315,,,,2.0-7.0,2.0,7.0,,,*10^9/L,
p2231,t2315,,,,0.8-4.0,0.8,4.0,,,*10^9/l,
p2244,t2315,,,,0.12-1.2,0.12,1.2,,,*10^9/l,
p2162,t2315,,,,0.02-0.5,0.02,0.5,,,*10^9/l,
p2165,t2315,F,,,,,20.0,,,mm/1st hr,
p2165,t2315,M,,,,,10.0,,,mm/1st hr,
p2201,t2316,M,,,14.0-18.0,14.0,18.0,,,g/dl,
p2201,t2316,F,,,12.0-16.0,12.0,16.0,,,g/dl,
p2200,t2316,M,,,38.0-50.0,38.0,50.0,,,%,
p2200,t2316,F,,,36.0-46.0,36.0,46.0,,,%,
p2371,t2316,,,,4.0-11.0,4.0,11.0,,,*10^9/l,
p2271,t2316,,,,150.0-400.0,150.0,400.0,,,*10^9/l,
p2293,t2316,,,,4.0-6.0,4.0,6.0,,,*10^12/l,
p2239,t2316,,,,75.0-100.0,75.0,100.0,,,fl,
p2238,t2316,,,,25.0-35.0,25.0,35.0,,,pg,
p2239,t2316,,,,78.0-95.0,78.0,95.0,,,fl,
p2237,t2316,,,,31.0-38.0,31.0,38.0,,,g/dl,
p2295,t2316,,,,11.0-16.0,11.0,16.0,,,%,
p2254,t2316,,,,40.0-75.0,40.0,75.0,,,%,
p2232,t2316,,,,20.0-50.0,20.0,50.0,,,%,
p2245,t2316,,,,2.0-10.0,2.0,10.0,,,%,
p2161,t2316,,,,1.0-6.0,1.0,6.0,,,%,
p2253,t2316,,,,2.0-7.0,2.0,7.0,,,*10^9/L,
p2231,t2316,,,,0.8-4.0,0.8,4.0,,,*10^9/l,
p2244,t2316,,,,0.12-1.2,0.12,1.2,,,*10^9/l,
p2162,t2316,,,,0.02-0.5,0.02,0.5,,,*10^9/l,
p2165,t2316,F,,,,,20.0,,,mm/1st hr,
p2165,t2316,M,,,,,10.0,,,mm/1st hr,
p2201,t2317,M,,,14.0-18.0,14.0,18.0,,,g/dl,
p2201,t2317,F,,,12.0-16.0,12.0,16.0,,,g/dl,
p2200,t2317,M,,,38.0-50.0,38.0,50.0,,,%,
p2200,t2317,F,,,36.0-46.0,36.0,46.0,,,%,
p2371,t2317,,,,4.0-11.0,4.0,11.0,,,*10^9/l,
p2271,t2317,,,,150.0-400.0,150.0,400.0,,,*10^9/l,
p2293,t2317,,,,4.0-6.0,4.0,6.0,,,*10^12/l,
p2239,t2317,,,,75.0-100.0,75.0,100.0,,,fl,
p2238,t2317,,,,25.0-35.0,25.0,35.0,,,pg,
p2237,t2317,,,,31.0-38.0,31.0,38.0,,,g/dl,
p2295,t2317,,,,11.0-16.0,11.0,16.0,,,%,
p2254,t2317,,,,40.0-75.0,40.0,75.0,,,%,
p2232,t2317,,,,20.0-50.0,20.0,50.0,,,%,
p2245,t2317,,,,2.0-10.0,2.0,10.0,,,%,
p2161,t2317,,,,1.0-6.0,1.0,6.0,,,%,
p2253,t2317,,,,2.0-7.0,2.0,7.0,,,*10^9/L,
p2231,t2317,,,,0.8-4.0,0.8,4.0,,,*10^9/l,
p2244,t2317,,,,0.12-1.2,0.12,1.2,,,*10^9/l,
p2162,t2317,,,,0.02-0.5,0.02,0.5,,,*10^9/l,
p2165,t2317,F,,,,,20.0,,,mm/1st hr,
p2165,t2317,M,,,,,10.0,,,mm/1st hr,
p2201,t2318,M,,,14.0-18.0,14.0,18.0,,,g/dl,
p2201,t2318,F,,,12.0-16.0,12.0,16.0,,,g/dl,
p2200,t2318,M,,,38.0-50.0,38.0,50.0,,,%,
p2200,t2318,F,,,36.0-46.0,36.0,46.0,,,%,
p2371,t2318,,,,4.0-11.0,4.0,11.0,,,*10^9/l,
p2271,t2318,,,,150.0-400.0,150.0,400.0,,,*10^9/l,
p2293,t2318,,,,4.0-6.0,4.0,6.0,,,*10^12/l,
p2239,t2318,,,,75.0-100.0,75.0,100.0,,,fl,
p2238,t2318,,,,25.0-35.0,25.0,35.0,,,pg,
p2237,t2318,,,,31.0-38.0,31.0,38.0,,,g/dl,
p2295,t2318,,,,11.0-16.0,11.0,16.0,,,%,
p2254,t2318,,,,40.0-75.0,40.0,75.0,,,%,
p2232,t2318,,,,20.0-50.0,20.0,50.0,,,%,
p2245,t2318,,,,2.0-10.0,2.0,10.0,,,%,
p2161,t2318,,,,1.0-6.0,1.0,6.0,,,%,
p2253,t2318,,,,2.0-7.0,2.0,7.0,,,*10^9/L,
p2231,t2318,,,,0.8-4.0,0.8,4.0,,,*10^9/l,
p2244,t2318,,,,0.12-1.2,0.12,1.2,,,*10^9/l,
p2162,t2318,,,,0.02-0.5,0.02,0.5,,,*10^9/l,
p2165,t2318,F,,,,,20.0,,,mm/1st hr,
p2165,t2318,M,,,,,10.0,,,mm/1st hr,
p2160,t2318,F,,,,,20.0,,,mm/1st hr,
p2160,t2318,M,,,,,10.0,,,mm/1st hr,
p2201,t2319,F,,,12.0-16.0,12.0,16.0,,,g/dl,
p2201,t2319,M,,,14.0-18.0,14.0,18.0,,,g/dl,
p2200,t2319,,,,40.0-52.0,40.0,52.0,,,%,
p2293,t2319,,,,4.0-6.0,4.0,6.0,,,*10^12/l,
p2239,t2319,,,,75.0-100.0,75.0,100.0,,,fl,
p2238,t2319,,,,25.0-35.0,25.0,35.0,,,pg,
p2237,t2319,,,,31.0-38.0,31.0,38.0,,,g/dl,
p2295,t2319,,,,11.0-16.0,11.0,16.0,,,%,
p2265,t2026,,,,,,,,,,MANUAL_REVIEW: Neutral
p2051,t2076,,,,,,,,,S/CO,MANUAL_REVIEW: Negative: < 0.9Borderline: 0.9 to 1.2Positive: > 1.2
p2246,t2082,,,,,,,,,,MANUAL_REVIEW: Negative : < 9.0Grey zone :9.0 to 11.0Positive : > 11.0
p2312,t2086,,,,,,,,,,MANUAL_REVIEW: Negative
p2310,t2086,,,,,,,,,,MANUAL_REVIEW: Negative
p2314,t2282,,,,,,,,,Ratio,MANUAL_REVIEW: Significant Titer 1:80
p2313,t2282,,,,,,,,,Ratio,MANUAL_REVIEW: Significant Titer 1:80
p2309,t2282,,,,,,,,,Ratio,MANUAL_REVIEW: Significant Titer 1:80
p2311,t2282,,,,,,,,,Ratio,MANUAL_REVIEW: Significant Titer 1:80
p2355,t2283,,,,,,,,,,MANUAL_REVIEW: Negative
p2354,t2283,,,,,,,,,,MANUAL_REVIEW: Negative
p2366,t2285,,,,,,,,,,MANUAL_REVIEW: Negative
p2342,t2289,,,,,,,,,,MANUAL_REVIEW: Negative
p2341,t2289,,,,,,,,,,MANUAL_REVIEW: Negative
p2052,t2290,,,,,,,,,-,MANUAL_REVIEW: Non- Reactive
p2191,t2309,,,,,,,,,,MANUAL_REVIEW: Negative
p2193,t2309,,,,,,,,,,MANUAL_REVIEW: Negative
p2087,t2096,,,,,,,,,U/ml,MANUAL_REVIEW: Negative < 10.0Positive > 10.0
p2088,t2097,,,,,,,,,U/ml,MANUAL_REVIEW: Negative < 10.0Positive > 10.0
p2319,t2103,M,,,0.7-1.2,0.7,1.2,,,mg/dl,
p2319,t2103,F,,,0.6-1.1,0.6,1.1,,,mg/dl,
p2359,t2103,,,,60.0-166.0,60.0,166.0,,,mg/dl,
p2144,t2103,,,,90.0-120.0,90.0,120.0,,,ml/min,
p2211,t2106,,,,,,190.0,,,IU/ml,parsed as less_than from: Less Than 190
p2130,t2281,,,,,,,,,,MANUAL_REVIEW: Pale Yellow - Yellow
p2077,t2281,,,,,,,,,,MANUAL_REVIEW: Clear
p2332,t2281,,,,1.005-1.025,1.005,1.025,,,,
p2265,t2281,,,,4.5-7.5,4.5,7.5,,,,
p2278,t2281,,,,,,,,,,MANUAL_REVIEW: Negative
p2180,t2281,,,,,,,,,,MANUAL_REVIEW: Negative
p2222,t2281,,,,,,,,,,MANUAL_REVIEW: Negative
p2090,t2281,,,,,,,,,,MANUAL_REVIEW: Negative
p2255,t2281,,,,,,,,,,MANUAL_REVIEW: Negative
p2096,t2281,,,,,,,,,,MANUAL_REVIEW: Negative
p2365,t2281,,,,,,,,,umol/L,MANUAL_REVIEW: Normal: 3-25Increased: >25
p2285,t2281,,,,0.0-5.0,0.0,5.0,,,,
p2294,t2281,,,,0.0-3.0,0.0,3.0,,,,
p2164,t2281,,,,0.0-10.0,0.0,10.0,,,,
p2089,t2098,,,,,,,,,mIU/ml,"MANUAL_REVIEW: Female;Non Pregnant < 10.00Pregnant Female3-7   Days     5     - 501-2   Weeks    10    - 4722-3   Weeks    90    - 4,5903-4   Weeks    462   - 10,9404-5   Weeks    1,065 - 68,2485-6   Weeks    7,458 - 118,5156-7   Weeks    14,423- 175,6387-8   Weeks    31,510- 184,6288-12  Weeks    28,639- 224,91912-16 Weeks    9,870 - 106,91716-18 Weeks    7,924 - 56,552Male < 10.00"
p2182,t2120,,,,,,,,,ng/ml,MANUAL_REVIEW: (See below)
p2228,t2123,,,,,,,,,mIU/ml,MANUAL_REVIEW: Male: 1.5 – 12.4 mIU/mLFemale (Follicular phase): 3.5 – 12.5 mIU/mLFemale (Mid-cycle / Ovulatory): 4.7 – 21.5 mIU/mLFemale (Luteal phase): 1.7 – 7.7 mIU/mLPostmenopausal Female: 25.8 – 134.8 mIU/mL
p2175,t2123,,,,,,,,,mIU/ml,MANUAL_REVIEW: Male: 1.5 – 12.4 mIU/mlFemale (Follicular phase): 3.5 – 12.5 mIU/mlFemale (Mid-cycle peak / Ovulatory phase): 4.7 – 21.5 mIU/mlFemale (Luteal phase): 1.7 – 7.7 mIU/mlPostmenopausal Female: 25.8 – 134.8 mIU/ml
p2275,t2123,,,,,,,,,ng/ml,MANUAL_REVIEW: Male: 2.5 – 27.0 ng/mLFemale (Non-pregnant): 5.2 – 27.0 ng/mLPregnant (1st Trimester): 80.0 – 400.0 ng/mLPregnant (2nd Trimester): 110.0 – 330.0 ng/mLPregnant (3rd Trimester): 137.0 – 372.0 ng/mLPostmenopausal Female: 1.9 – 18.4 ng/mL
p2338,t2129,,,,1.067-5.238,1.067,5.238,,,nmol/l,
p2339,t2129,,,,60.0-180.0,60.0,180.0,,,nmol/L,
p2353,t2129,,,,0.37-5.31,0.37,5.31,,,µIU/mL,
p2038,t2146,,,,,,,,,-,MANUAL_REVIEW: Negative: < 0.90Grayzone: 0.90 to 1.10Positive: > 1.10
p2264,t2152,,,,,,,,,U/ml,MANUAL_REVIEW: Negative: <20Positive: >20
p2049,t2154,,,,,,,,,S/CO,MANUAL_REVIEW: Negative: < 0.9Equivocal: 0.9 to 1.1Positive: > 1.1
p2136,t2172,,,,10.0-100.0,10.0,100.0,,,ug/24hrs,
p2138,t2174,,,,30.0-350.0,30.0,350.0,,,ug/24h,
p2067,t2179,,,,,,,,,U/ml,MANUAL_REVIEW: (See below)
p2068,t2179,,,,,,,,,U/ml,MANUAL_REVIEW: (See below)
p2071,t2179,,,,,,,,,U/ml,MANUAL_REVIEW: (See below)
p2072,t2179,,,,,,,,,U/ml,MANUAL_REVIEW: (See below)
p2064,t2179,,,,,,,,,U/ml,MANUAL_REVIEW: (See below)
p2065,t2179,,,,,,,,,U/ml,MANUAL_REVIEW: (See below)
p2053,t2179,,,,,,,,,U/ml,MANUAL_REVIEW: (See below)
p2183,t2184,,,,,,,,,S/CO,MANUAL_REVIEW: Negative: < 0.8Equivocal: 0.8 to 1.2Positive: > 1.2
p2202,t2185,,,,,,,,,U/ml,MANUAL_REVIEW: Negative: < 0.8Equivocal: 0.8 to 1.2Positive: > 1.2
p2203,t2187,,,,,,,,,S/CO,MANUAL_REVIEW: Negative= < 0.9Borderline= 0.9 - 1.1Positive= > 1.1
p2209,t2194,,,,5.0-15.0,5.0,15.0,,,µmol/l,
p2210,t2198,,,,90.0-400.0,90.0,400.0,,,mg/dl,
p2212,t2198,,,,800.0-1800.0,800.0,1800.0,,,mg/dl,
p2213,t2198,,,,60.0-280.0,60.0,280.0,,,mg/dl,
p2243,t2204,,,,,,30.0,,,mg/24 Hours,parsed as less_than from: Less Than 30
p2274,t2212,,,,,,,,,nmol/l,MANUAL_REVIEW: Male: 0.50 - 5.20FemaleFollicular Phase: 0.50 - 6.50Luteal Phase: 8.00 - 87.00Pregnant Female1st trimester 01-12W: 10.0-182.02nd trimester 13-24W: 60.0-332.03rd trimester 25-40W: 185.0-960.0
p2347,t2219,,,,6.0-8.5,6.0,8.5,,,g/dL,
p2011,t2219,,,,3.5-4.7,3.5,4.7,,,g/dl,
p2018,t2219,,,,0.2-0.3,0.2,0.3,,,g/dL,
p2019,t2219,,,,0.4-0.9,0.4,0.9,,,g/dL,
p2086,t2219,,,,0.5-1.0,0.5,1.0,,,g/dL,
p2176,t2219,,,,0.7-1.5,0.7,1.5,,,g/dL,
p2003,t2219,,,,1.1-2.4,1.1,2.4,,,,
p2369,t2224,,,,2.0-8.0,2.0,8.0,,,mg/24 Hrs,
p2058,t2322,,,,,,,,,U/ml,MANUAL_REVIEW: (See below)
p2035,t2322,,,,,,,,,U/ml,MANUAL_REVIEW: (See below)
p2050,t2322,,,,,,,,,U/ml,MANUAL_REVIEW: (See below)
p2067,t2322,,,,,,,,,U/ml,MANUAL_REVIEW: (See below)
p2059,t2322,,,,,,,,,U/ml,MANUAL_REVIEW: (See below)
p2063,t2322,,,,,,,,,U/ml,MANUAL_REVIEW: (See below)
p2068,t2322,,,,,,,,,U/ml,MANUAL_REVIEW: (See below)
p2071,t2322,,,,,,,,,U/ml,MANUAL_REVIEW: (See below)
p2072,t2322,,,,,,,,,U/ml,MANUAL_REVIEW: (See below)
p2064,t2322,,,,,,,,,U/ml,MANUAL_REVIEW: (See below)
p2065,t2322,,,,,,,,,U/ml,MANUAL_REVIEW: (See below)
p2033,t2322,,,,,,,,,U/ml,MANUAL_REVIEW: (See below)
p2062,t2322,,,,,,,,,U/ml,MANUAL_REVIEW: (See below)
p2053,t2322,,,,,,,,,U/ml,MANUAL_REVIEW: (See below)
p2055,t2322,,,,,,,,,U/ml,MANUAL_REVIEW: (See below)
p2092,t2029,,,,,,,,,mg/dl,MANUAL_REVIEW: (See below)
p2347,t2225,,,,6.6-8.3,6.6,8.3,,,g/dl,
p2011,t2225,,,,,,,,,g/dl,MANUAL_REVIEW: AdultAge 18-60 years: 3.5 - 5.5Above 60 years: 3.4 - 4.8ChildAge 14-18 years: 3.2 - 4.54days - 14years: 3.8 - 5.4Newborns: 2.8 - 4.4
p2321,t2225,,,,1.8-3.4,1.8,3.4,,,mg/dl,
p2003,t2225,,,,1.1-2.4,1.1,2.4,,,,
p2363,t2226,,,,,,,,,mg/24 Hours,MANUAL_REVIEW: <80<300 (pregnancy)
p2348,t2226,,,,800.0-2000.0,800.0,2000.0,,,ml,
p2012,t2227,,,,,,,,,mg/g,MANUAL_REVIEW: (See Note)
p2091,t2233,,,,0.0-0.2,0.0,0.2,,,mg/dl,
p2093,t2234,,,,0.1-1.0,0.1,1.0,,,mg/dl,
p2101,t2235,,,,60.0-110.0,60.0,110.0,,,mg/dl,
p2106,t2236,,,,80.0-160.0,80.0,160.0,,,mg/dl,
p2356,t2237,,,,10.0-50.0,10.0,50.0,,,mg/dl,
p2107,t2237,,,,4.0-23.0,4.0,23.0,,,mg/dl,
p2356,t2238,,,,10.0-50.0,10.0,50.0,,,mg/dl,
p2107,t2238,,,,4.0-23.0,4.0,23.0,,,mg/dl,
p2114,t2243,,,,,,,,,U/L,MANUAL_REVIEW: Men : 24 - 204Women : 24 - 173
p2126,t2243,,,,,,25.0,,,u/l,parsed as less_than from: Less Than 25
p2329,t2243,,,,8.0-40.0,8.0,40.0,,,U/l,
p2223,t2243,,,,,,250.0,,,U/L,parsed as less_than from: < 250
p2101,t2246,,,,,,92.0,,,mg/dl,parsed as less_than from: Less Than 92
p2099,t2246,,,,,,180.0,,,mg/dl,parsed as less_than from: Less Than 180
p2100,t2246,,,,,,153.0,,,mg/dl,parsed as less_than from: Less Than 153
p2280,t2253,,,,1.0-14.0,1.0,14.0,,,mg/dl,
p2145,t2253,,,,20.0-275.0,20.0,275.0,,,mg/dl,
p2279,t2253,,,,,,,,,,MANUAL_REVIEW: 0.2
p2356,t2254,,,,15.0-43.0,15.0,43.0,,,mg/dl,
p2107,t2254,,,,8.0-22.0,8.0,22.0,,,mg/dl,
p2142,t2254,,,,,,,,,mg/dl,MANUAL_REVIEW: Male: 0.7 - 1.2Female: 0.6 - 1.1Child1 Day: 0.6 - 1.23 Months: 0.2 - 0.41 Year: 0.3 - 0.72-12 Years: 0.35 - 1.0
p2357,t2254,F,,,2.6-6.0,2.6,6.0,,,mg/dl,
p2357,t2254,M,,,3.5-7.2,3.5,7.2,,,mg/dl,
p2142,t2259,,,,,,,,,mg/dl,MANUAL_REVIEW: Male: 0.7 - 1.2Female: 0.6 - 1.1Child1 Day: 0.6 - 1.23 Months: 0.2 - 0.41 Year: 0.3 - 0.72-12 Years: 0.35 - 1.0
p2179,t2259,,,,,,,,,mL/Min/1.73m^2,MANUAL_REVIEW: >60 Normal Kidney15-60: Kidney disease<15: Kidney Failure
p2328,t2260,,,,135.0-145.0,135.0,145.0,,,mmol/L,
p2327,t2260,,,,3.4-5.5,3.4,5.5,,,mmol/L,
p2317,t2260,,,,95.0-110.0,95.0,110.0,,,mmol/L,
p2122,t2260,,,,8.5-10.5,8.5,10.5,,,mg/dl,
p2221,t2271,M,,,59.0-148.0,59.0,148.0,,,µg/dL,
p2221,t2271,F,,,37.0-145.0,37.0,145.0,,,µg/dL,
p2337,t2271,,,,274.0-385.0,274.0,385.0,,,µg/dL,
p2092,t2292,,,,,,,,,mg/dl,"MANUAL_REVIEW: Adult: 0.2 - 1.2Newborns, premature:24 Hours:        < 8.82nd Day:         1.3 - 11.33rd Day:         0.7 - 12.74th-6th Day:     0.1 - 12.6Child:>1 month:  0.2 - 1.0"
p2155,t2292,,,,0.3-0.8,0.3,0.8,,,mg/dl,
p2215,t2292,,,,0.1-0.3,0.1,0.3,,,mg/dl,
p2318,t2305,,,,,,,,,mg/dl,MANUAL_REVIEW: Desirable: < 200Boderline High: 200 - 239High: > 240
p2350,t2305,,,,,,,,,mg/dl,MANUAL_REVIEW: Normal:< 150Borderline: 150 - 199High: 200 - 499Very High: > 500
p2194,t2305,,,,,,,,,mg/dl,MANUAL_REVIEW: Normal: 35 - 60High Risk: < 35
p2226,t2305,,,,,,,,,mg/dl,MANUAL_REVIEW: Normal: < 130Borderline: 130 - 159High: > 160
p2125,t2305,,,,,,,,,mg/dl,MANUAL_REVIEW: Normal: 3.5 to 5.0High: > 5.0
p2367,t2305,,,,,,,,,mg/dl,MANUAL_REVIEW: Normal: < 30Borderline High: 30 to 40
p2190,t2080,,,,,,,,,,MANUAL_REVIEW: Negative <0.9Border Line 0.9 - 1.0Positive >1.0
p2046,t2273,,,,,,,,,S/CO,MANUAL_REVIEW: Negative: < 0.9Borderline: 0.9 to 1.2Positive: > 1.2
p2204,t2310,,,,,,,,,S/CO,MANUAL_REVIEW: Negative: < 0.9Borderline: 0.9 to 1.2Positive: > 1.2
p2044,t2310,,,,,,,,,S/CO,MANUAL_REVIEW: Negative: < 0.9Borderline: 0.9 to 1.2Positive: > 1.2
p2370,t2284,,,,2.0-6.0,2.0,6.0,,,ml,
p2130,t2284,,,,,,,,,,MANUAL_REVIEW: Grayish White to Pale Yellow
p2230,t2284,,,,,,,,,Minutes,MANUAL_REVIEW: With in 30 min
p2131,t2284,,,,,,,,,,MANUAL_REVIEW: Viscid
p2265,t2284,,,,7.0-8.0,7.0,8.0,,,,
p2333,t2284,,,,,,,,,million/ml,MANUAL_REVIEW: > 15 Million
p2007,t2284,,,,,,,,,%,MANUAL_REVIEW: > 50 %
p2331,t2284,,,,,,,,,%,MANUAL_REVIEW: < 30 %
p2174,t2284,,,,,,,,,,MANUAL_REVIEW: Positive
p2285,t2284,,,,0.0-4.0,0.0,4.0,,,,
p2326,t2277,,,,,,,,,mg/dl,MANUAL_REVIEW: Adults: 2.5 - 4.5Child:  4.0 - 7.0
p2112,t2003,,,,5.0-20.0,5.0,20.0,,,,
p2162,t2008,,,,0.04-0.4,0.04,0.4,,,*10^9/l,
p2201,t2010,F,,,11.5-14.0,11.5,14.0,,,g/dl,
p2201,t2010,M,,,13.5-17.5,13.5,17.5,,,g/dl,
p2192,t2012,,,,38.0-52.0,38.0,52.0,,,%,
p2238,t2015,,,,25.0-35.0,25.0,35.0,,,pg,
p2237,t2016,,,,30.0-35.0,30.0,35.0,,,g/dl,
p2239,t2017,,,,75.0-100.0,75.0,100.0,,,fl,
p2271,t2019,,,,150.0-400.0,150.0,400.0,,,*10^9/l,
p2299,t2021,,,,,,,,,%,MANUAL_REVIEW: Adult: 0.20 - 2.0Newborn: 2.00 - 6.0
p2346,t2022,,,,400.0-900.0,400.0,900.0,,,mg/dl,
p2293,t2023,,,,4.0-6.0,4.0,6.0,,,*10^12/l,
p2367,t2024,,,,,,,,,mg/dl,MANUAL_REVIEW: Normal: < 30Borderline High: 30 to 40High: 40 to 100Very High: > 100
p2371,t2025,,,,4.0-11.0,4.0,11.0,,,*10^9/l,
p2192,t2033,,,,38.0-52.0,38.0,52.0,,,%,
p2346,t2034,,,,450.0-1000.0,450.0,1000.0,,,mg/dl,
p2201,t2035,F,,,11.5-14.0,11.5,14.0,,,g/dl,
p2201,t2035,M,,,13.5-17.5,13.5,17.5,,,g/dl,
p2371,t2036,,,,4.0-11.0,4.0,11.0,,,*10^9/l,
p2271,t2037,,,,150.0-400.0,150.0,400.0,,,*10^9/l,
p2299,t2040,,,,,,,,,%,MANUAL_REVIEW: Adult:	0.20 - 2.0New Born:	2.00 - 6.0
p2078,t2044,,,,28.0-32.0,28.0,32.0,,,Seconds,
p2162,t2045,,,,0.02-0.5,0.02,0.5,,,*10^9/l,
p2232,t2046,,,,20.0-50.0,20.0,50.0,,,%,
p2245,t2047,,,,2.0-10.0,2.0,10.0,,,%,
p2253,t2048,,,,2.0-7.0,2.0,7.0,,,*10^9/L,
p2280,t2051,,,,,,35.0,,,mg/dl,parsed as less_than from: Less Than 35
p2023,t2052,,,,,,481.0,,,U/L,parsed as less_than from: Less Than 481
p2112,t2056,,,,5.0-20.0,5.0,20.0,,,,
p2135,t2059,,,,,,,,,,MANUAL_REVIEW: Negative
p2134,t2060,,,,,,,,,,MANUAL_REVIEW: Negative
p2165,t2063,F,,,,,18.0,,,mm/1st hr,
p2165,t2063,M,,,,,14.0,,,mm/1st hr,
p2224,t2066,,,,20.0-45.0,20.0,45.0,,,,
p2229,t2067,,,,30.0-180.0,30.0,180.0,,,U/L,
p2267,t2069,,,,400.0-1300.0,400.0,1300.0,,,mg/24 Hours,
p2271,t2070,,,,150.0-450.0,150.0,450.0,,,*10^9/l,
p2297,t2071,,,,4.5-45.3,4.5,45.3,,,nmol/l,
p2367,t2073,,,,,,,,,mg/dl,MANUAL_REVIEW: Normal: < 30Borderline High: 30 to 40High: 40 to 100Very High: > 100
p2371,t2074,,,,4.0-11.0,4.0,11.0,,,*10^9/l,
p2095,t2295,,,,3.0-7.0,3.0,7.0,,,minutes,
p2127,t2296,,,,4.0-11.0,4.0,11.0,,,minutes,
p2078,t2299,,,,22.0-34.0,22.0,34.0,,,Sec.,
p2006,t2328,,,,,,,,,U/L,MANUAL_REVIEW: 8 - 52 U/L
p2080,t2077,,,,,,,,,lu/ml,MANUAL_REVIEW: Adult: Less than 200Child: Less than 150
p2151,t2078,,,,,,,,,S/CO,MANUAL_REVIEW: Negative < 0.9Borderline 0.9-1.2Positive >1.2
p2191,t2079,,,,,,,,,,MANUAL_REVIEW: Negative
p2193,t2081,,,,,,,,,,MANUAL_REVIEW: Negative
p2288,t2083,,,,,,,,,IU/ml,MANUAL_REVIEW: Negative: < 20Positive: > 20
p2289,t2084,,,,,,,,,IU/ml,MANUAL_REVIEW: Negative: < 25.0Positive: > 25.0Indication of Rheumatoid Arthritis: > 70
p2301,t2085,,,,,,,,,,MANUAL_REVIEW: Negative
p2303,t2288,,,,,,20.0,,,iu/ml,parsed as less_than from: <20
p2368,t2324,,,,,,,,,-,MANUAL_REVIEW: NON REACTIVE < 1.0BORDER LINE 1.0-4.0REACTIVE > 4.0
p2020,t2088,,,,,,10.0,,,ng/ml,parsed as less_than from: Less Than 10
p2032,t2089,,,,,,,,,U/mL,MANUAL_REVIEW: < 17 Negative> 17 Positive
p2034,t2090,,,,,,,,,IU/ml,MANUAL_REVIEW: Negative: < 0.8Borderline: 0.8 to 1.2Positive: > 1.2
p2048,t2093,,,,,,,,,,MANUAL_REVIEW: Negative
p2075,t2094,,,,,,,,,U/ml,MANUAL_REVIEW: < 18 Negative18 - 22 Borderline> 22 Positive
p2076,t2095,,,,,,,,,U/mL,MANUAL_REVIEW: < 18 Negative18 - 22 Borderline> 22 Positive
p2119,t2099,,,,,,35.0,,,U/ml,parsed as less_than from: Less Than 35
p2121,t2100,,,,,,37.0,,,u/ml,parsed as less_than from: Less Than 37
p2139,t2101,,,,138.0-690.0,138.0,690.0,,,nmol/l,
p2140,t2102,,,,69.0-345.0,69.0,345.0,,,nmol/l,
p2147,t2104,,,,0.0-6.0,0.0,6.0,,,mg/L,
p2170,t2105,,,,3.0-20.0,3.0,20.0,,,ng/ml,
p2268,t2107,,,,,,40.0,,,mAU/mL,parsed as less_than from: Less Than 40
p2290,t2108,,,,,,30.0,,,IU/mL,parsed as less_than from: Less Than 30
p2334,t2109,,,,,,,,,ug/g,MANUAL_REVIEW: Normal: <50Slightly Elevated: 50 - 120Significantly Elevated: >120
p2335,t2110,,,,,,,,,,MANUAL_REVIEW: Negative
p2002,t2111,,,,5.0-27.0,5.0,27.0,,,pmol/L,
p2116,t2291,,,,0.0-6.0,0.0,6.0,,,mg/L,
p2336,t2113,,,,,,,,,,MANUAL_REVIEW: Negative
p2171,t2027,,,,1.2-4.2,1.2,4.2,,,pg/ml,
p2171,t2116,,,,3.058-6.764,3.058,6.764,,,pmol/L,
p2172,t2117,,,,10.53-21.16,10.53,21.16,,,pmol/L,
p2173,t2118,,,,,,,,,Pg/ml,"MANUAL_REVIEW: Male: 15.0 - 50.0, Female: < 4.20"
p2175,t2119,,,,,,,,,mIU/ml,MANUAL_REVIEW: Male: 1.5 – 12.4 mIU/mlFemale (Follicular phase): 3.5 – 12.5 mIU/mlFemale (Mid-cycle peak / Ovulatory phase): 4.7 – 21.5 mIU/mlFemale (Luteal phase): 1.7 – 7.7 mIU/mlPostmenopausal Female: 25.8 – 134.8 mIU/ml
p2219,t2121,,,,10.0-65.0,10.0,65.0,,,pg/mL,
p2228,t2122,,,,,,,,,mIU/ml,MANUAL_REVIEW: Male: 1.5 – 12.4 mIU/mLFemale (Follicular phase): 3.5 – 12.5 mIU/mLFemale (Mid-cycle / Ovulatory): 4.7 – 21.5 mIU/mLFemale (Luteal phase): 1.7 – 7.7 mIU/mLPostmenopausal Female: 25.8 – 134.8 mIU/mL
p2284,t2124,,,,14.5-87.1,14.5,87.1,,,pg/mL,
p2275,t2125,,,,,,,,,ng/ml,MANUAL_REVIEW: Male: 2.5 – 27.0 ng/mLFemale (Non-pregnant): 5.2 – 27.0 ng/mLPregnant (1st Trimester): 80.0 – 400.0 ng/mLPregnant (2nd Trimester): 110.0 – 330.0 ng/mLPregnant (3rd Trimester): 137.0 – 372.0 ng/mLPostmenopausal Female: 1.9 – 18.4 ng/mL
p2338,t2126,,,,1.067-5.238,1.067,5.238,,,nmol/l,
p2339,t2127,,,,60.0-180.0,60.0,180.0,,,nmol/L,
p2343,t2128,,,,,,,,,ng/dL,MANUAL_REVIEW: Males: 175 - 780Females: 10 - 75
p2353,t2130,,,,0.37-5.31,0.37,5.31,,,µIU/mL,
p2171,t2306,,,,2.5-3.9,2.5,3.9,,,pg/ml,
p2172,t2307,,,,0.61-1.12,0.61,1.12,,,ng/dl,
p2281,t2028,,,,,,,,,ng/ml,MANUAL_REVIEW: < 40 years: 0.01 - 1.5140 - 49 years: 0.00 - 2.2750 - 59 years: 0.02 - 2.89> 60 years: 0.29 - 4.96
p2001,t2087,,,,,,,,,ng/ml,MANUAL_REVIEW: Deficiency: <10Insufficiency: 10-29Sufficiency: 30-100Potential Toxicity: >100
p2000,t2133,,,,,,,,,ng/mL,MANUAL_REVIEW: Reference ValuesPediatric Boy1 month 0.0 - 8.02 months 3.6 - 13.73 months 1.7 - 4.0Pediatric Girl1 month 2.4 - 16.8 2 months 1.6 - 9.7 3 months 0.1 - 3.1Pre- Peubertal Child 0.1-1.7 Adult FemaleFemale Follicular Phase 0.1 - 0.8Luteal Phase 0.6 - 2.3Ovulatory phase 0.3 - 1.4Late pregnancy 2.0 - 12Menopause 0.13 - 0.51Male Adult Male 0.5 - 2.1
p2009,t2134,,,,7.2-63.3,7.2,63.3,,,pg/ml,
p2008,t2135,,,,,,,,,U/L,MANUAL_REVIEW: Serum < 15CSF < 9Fluid < 30
p2016,t2136,M,,,0.35-3.15,0.35,3.15,,,ng/ml,
p2016,t2136,F,,,0.4-3.4,0.4,3.4,,,ng/ml,
p2028,t2137,,,,,,,,,-,MANUAL_REVIEW: Negative: < 0.9Equivocal: 0.9 to 1.1Positive: > 1.1
p2027,t2138,,,,,,,,,-,MANUAL_REVIEW: Negative: < 0.9Equivocal: 0.9 to 1.1Positive: > 1.1
p2025,t2139,,,,,,,,,,MANUAL_REVIEW: Negative: < 0.9Equivocal: 0.9 to 1.1Positive: > 1.1
p2026,t2140,,,,,,,,,,MANUAL_REVIEW: Negative: < 0.9Equivocal: 0.9 to 1.1Positive: > 1.1
p2029,t2141,,,,15.0-70.0,15.0,70.0,,,ng/dl,
p2030,t2142,,,,,,,,,U/ml,MANUAL_REVIEW: Negative: < 10.0Positive: > 10.0
p2031,t2143,,,,,,,,,U/ml,MANUAL_REVIEW: Negative: < 10.0Positive: > 10.0
p2036,t2144,,,,,,,,,U/ml,MANUAL_REVIEW: Negative < 9.0Borderline 9.0 - 11.0Positive > 11.0
p2037,t2145,,,,,,,,,U/ml,MANUAL_REVIEW: Negative < 9.0Borderline 9.0 - 11.0Positive > 11.0
p2039,t2147,,,,,,,,,U/ml,MANUAL_REVIEW: Negative: <15Positive: >15
p2040,t2148,,,,,,,,,U/ml,MANUAL_REVIEW: Negative: <15Positive: >15
p2042,t2150,,,,,,,,,-,MANUAL_REVIEW: Non-Reactive: < 1.0Reactive: > 1.0
p2043,t2151,,,,,,,,,-,MANUAL_REVIEW: Non-Reactive: < 1.1Reactive: > 1.1
p2054,t2155,,,,,,,,,U/ml,MANUAL_REVIEW: Negative: <15Positive: >15
p2021,t2156,,,,,,,,,AU/ml,MANUAL_REVIEW: Negative: < 0.90Grayzone: 0.90 to 1.10Positive: > 1.10
p2056,t2157,,,,,,,,,ng/mL,MANUAL_REVIEW: Males:>2 Years 14-466>18 Years 0.73-16.05Females:18-25 Years 0.96 - 13.3426-30 Years 0.17 - 7.3731-35 Years 0.07 - 7.3536-40 Years 0.03 - 7.1541-45 Years 0.00 - 3.27=>46 Years 0.00 - 1.15
p2060,t2158,,,,,,,,,,MANUAL_REVIEW: Negative: < 10.0Positive: > 10.0
p2061,t2159,,,,,,,,,,MANUAL_REVIEW: Negative: < 10.0Positive: > 10.0
p2066,t2160,,,,,,20.0,,,AU/ml,parsed as less_than from: Less Than 20
p2069,t2161,,,,,,20.0,,,Au/ml,parsed as less_than from: Less Than 20
p2070,t2162,,,,,,,,,-,MANUAL_REVIEW: Negative : <60.0Equivocal : 60.0 to 100.0Positive : >= 100.0
p2073,t2163,,,,,,,,,IU/ml,MANUAL_REVIEW: Normal 4.11High  =4.11
p2074,t2164,,,,,,30.0,,,IU/ml,parsed as less_than from: Less Than 30
p2110,t2165,,,,,,,,,IU/ml,MANUAL_REVIEW: Negative: < 0.90Grayzone: 0.90 to 1.10Positive: > 1.10
p2111,t2166,,,,,,,,,IU/ml,MANUAL_REVIEW: Negative: < 0.9Borderline: 0.9 to 1.1Positive: > 1.1
p2115,t2167,,,,0.5-3.0,0.5,3.0,,,ng/ml,
p2113,t2168,,,,,,,,,ng/ml,MANUAL_REVIEW: Smoker: 1.0 - 7.0Non-Smoker: 0.0 - 5.0
p2120,t2169,,,,,,,,,U/ml,MANUAL_REVIEW: Less Than: 30
p2128,t2170,,,,,,,,,IU/ml,MANUAL_REVIEW: Negative: < 0.90Grayzone: 0.90 to 1.10Positive: > 1.10
p2129,t2171,,,,,,,,,IU/ml,MANUAL_REVIEW: Negative: < 0.90Grayzone: 0.90 to 1.10Positive: > 1.10
p2141,t2173,,,,42.0-218.0,42.0,218.0,,,ug/l,
p2152,t2175,,,,,,,,,,MANUAL_REVIEW: Negative: < 9.0Borderline: 9.0 to 11.0Positive: > 11.0
p2153,t2176,,,,,,,,,,MANUAL_REVIEW: Negative: < 0.9Borderline: 0.9 to 1.1Positive: > 1.1
p2154,t2178,,,,0.8-2.0,0.8,2.0,,,ng/ml,
p2166,t2180,,,,,,,,,pg/mL,MANUAL_REVIEW: Male: < 87Female:Follicular Phase: 15 - 112Periovulatory Phase: 136 - 251Luteal Phase: 48 - 172Post Menopausal: 10 - 66Hormonal Contraceptives: 15 - 95
p2167,t2181,,,,,,,,,pg/mL,MANUAL_REVIEW: Male : < 87Female :Follicular Phase 15 - 112Preovulatory Phase 136 - 251Luteal Phase 48 - 172Post Menopausal 10 - 66Hormonal Contraceptives 15 - 95
p2168,t2182,,,,,,500.0,,,ng/ml,parsed as less_than from: Less Than 500
p2169,t2183,,,,200.0-400.0,200.0,400.0,,,mg/dl,
p2189,t2186,,,,,,,,,%,MANUAL_REVIEW: Normal          <5.7%Pre-Diabetes  5.7 - 6.4%Diabetes:       >6.4%
p2197,t2188,,,,,,,,,U/ml,MANUAL_REVIEW: Negative: < 0.9Equivocal: 0.9 to 1.1Positive: > 1.1
p2198,t2189,,,,,,,,,U/ml,MANUAL_REVIEW: Negative: < 0.9Borderline: 1.0 - 1.1Positive: > 1.2
p2199,t2190,,,,,,,,,S/CO,MANUAL_REVIEW: < 0.8 Negative0.8 - 1.2 Borderline> 1.2 Positive
p2205,t2191,,,,,,,,,IU/ml,MANUAL_REVIEW: Negative: < 0.9Equivocal: 0.9 to 1.1Positive: > 1.1
p2206,t2192,,,,,,,,,IU/ml,MANUAL_REVIEW: Negative: < 0.9Equivocal: 0.9 to 1.1Positive: > 1.1
p2208,t2193,,,,5.9-16.0,5.9,16.0,,,µmol/l,
p2210,t2195,,,,20.0-300.0,20.0,300.0,,,mg/dl,
p2212,t2196,,,,800.0-1800.0,800.0,1800.0,,,mg/dl,
p2213,t2197,,,,60.0-280.0,60.0,280.0,,,mg/dl,
p2218,t2199,,,,,,,,,uIU/ml,MANUAL_REVIEW: Child upto 12 years: < 10Adult (Normal): 0.7 - 9.0Diabetic (Type 2): 0.7 - 25
p2217,t2200,,,,,,,,,ng/ml,MANUAL_REVIEW: 1 - 5 years 45 - 3056 - 10 years 50 - 41011 - 15 years 80 - 90016 - 20 years 75 - 850> 20 years 60 - 350
p2220,t2201,,,,1.15-1.35,1.15,1.35,,,mmol/l,
p2225,t2202,,,,4.6-23.0,4.6,23.0,,,mg/dl,
p2057,t2203,,,,,,,,,U/ml,MANUAL_REVIEW: Negative < 10.0Positive > 10.0
p2249,t2206,,,,,,,,,-,MANUAL_REVIEW: Negative: < 0.9Borderline: 0.9 to 1.1Positive: > 1.1
p2250,t2207,,,,,,,,,-,MANUAL_REVIEW: Negative: < 0.8Borderline: 0.8 to 1.2Positive: > 1.2
p2258,t2208,,,,275.0-297.0,275.0,297.0,,,mosmol/kg,
p2281,t2209,,,,,,4.0,,,ng/ml,parsed as less_than from: < 4.0
p2272,t2210,,,,0.0-100.0,0.0,100.0,,,pg/ml,
p2273,t2211,,,,,,0.5,,,ng/mL,parsed as less_than from: Less Than 0.5
p2287,t2213,,,,,,,,,IU/ml,MANUAL_REVIEW: (See below)
p2305,t2214,,,,,,,,,IU/mL,MANUAL_REVIEW: Negative: < 0.9Borderline: 0.9 to 1.1Positive: > 1.1
p2306,t2215,,,,,,,,,IU/ml,MANUAL_REVIEW: Negative: < 0.8Equivocal: 0.8 to 0.9Positive: > 1.0
p2320,t2216,,,,,,,,,ng/ml,MANUAL_REVIEW: Males : 25 - 350Females : 13 - 232
p2322,t2217,,,,3.0-18.0,3.0,18.0,,,uIU/ml,
p2324,t2218,,,,,,,,,mmol/l,MANUAL_REVIEW: Therapeutic Level: 0.6 - 1.2Toxic Level: > 2.0
p2349,t2220,,,,,,,,,,MANUAL_REVIEW: Non-Reactive: < 0.9Borderline: 0.9 to 1.1Reactive: > 1.1
p2352,t2221,,,,,,,,,-,MANUAL_REVIEW: Negative
p2358,t2222,,,,,,0.6,,,RATIO,parsed as less_than from: Less Than 0.6
p2360,t2223,,,,,,30.0,,,mg/L,parsed as less_than from: Less Than 30
p2351,t2294,,,,,,0.1,,,ng/ml,parsed as less_than from: < 0.10
p2056,t2298,,,,,,,,,ng/mL,MANUAL_REVIEW: Female:< 10 years 0.08 - 10.610 - 20 -  0.62 - 10.921 - 30 -  0.08 - 10.231 - 40 -  0.15 - 10.641 - 50 -  0.08 - 6.12> 50    -  0.08 - 0.40Male:1 - 11  -  39.1 - 33012 - 20 -  1.15 - 142> 20    -  0.60 - 18.20
p2198,t2311,,,,,,,,,IU/ml,MANUAL_REVIEW: Negative < 5.0Borderline 5 - 10Positive >10.0
p2168,t2321,,,,,,0.5,,,ug/ml,parsed as less_than from: Less Than 0.5
p2150,t2325,,,,,,,,,mg/L,MANUAL_REVIEW: 0.0-1.35  Recommended that each laboratory   establish its own reference range.
p2362,t2114,,,,,,,,,,MANUAL_REVIEW: Negative
p2142,t2041,,,,,,,,,mg/dl,MANUAL_REVIEW: Male: 0.7 - 1.2Female: 0.6 - 1.1Child1 Day: 0.6 - 1.23 Months: 0.2 - 0.41 Year: 0.3 - 0.72-12 Years: 0.35 - 1.0
p2011,t2228,,,,3.5-5.5,3.5,5.5,,,g/dL,
p2014,t2229,,,,,,25.0,,,mg/dl,parsed as less_than from: Less Than 25
p2017,t2230,M,,,80.0-270.0,80.0,270.0,,,U/L,
p2017,t2230,F,,,65.0-2400.0,65.0,2400.0,,,U/L,
p2022,t2231,,,,35.0-120.0,35.0,120.0,,,U/L,
p2315,t2232,,,,22.0-29.0,22.0,29.0,,,mmol/L,
p2117,t2239,,,,0.9-1.8,0.9,1.8,,,g/l,
p2118,t2240,,,,10.0-40.0,10.0,40.0,,,mg/dl,
p2114,t2241,,,,,,,,,U/L,MANUAL_REVIEW: Men : 24 - 204Women : 24 - 173
p2316,t2242,,,,,,,,,mg/dl,MANUAL_REVIEW: Adult:8.4 - 10.2Children:7.6 - 11.0
p2126,t2244,,,,,,25.0,,,u/l,parsed as less_than from: Less Than 25
p2177,t2245,M,,,11.0-50.0,11.0,50.0,,,U/L,
p2177,t2245,F,,,7.0-32.0,7.0,32.0,,,U/L,
p2194,t2247,,,,,40.0,,,,mg/dl,parsed as greater_than from: Greater Than 40
p2223,t2249,,,,,,,,,U/L,MANUAL_REVIEW: Adult: 240-480
p2226,t2250,,,,,,,,,mg/dl,MANUAL_REVIEW: Desirable: < 99Above Desirable: 100-129Borderline: 130 - 159High: 160 - 189Very High: > 190
p2266,t2251,,,,,,,,,mg/dl,MANUAL_REVIEW: Adult: 2.5 - 5.0Child: 4.0 - 7.0
p2364,t2252,,,,,,,,,,MANUAL_REVIEW: Negative
p2307,t2255,M,,,,,37.0,,,U/L,
p2307,t2255,F,,,,,31.0,,,U/L,
p2330,t2256,M,,,,,45.0,,,U/L,
p2330,t2256,F,,,,,34.0,,,U/L,
p2317,t2257,,,,95.0-110.0,95.0,110.0,,,mmol/L,
p2318,t2258,,,,,,,,,mg/dl,MANUAL_REVIEW: Desirable: < 200Boderline High: 200 - 239High: > 240
p2178,t2261,,,,2.4-3.5,2.4,3.5,,,g/dl,
p2221,t2262,M,,,59.0-148.0,59.0,148.0,,,µg/dL,
p2221,t2262,F,,,37.0-145.0,37.0,145.0,,,µg/dL,
p2323,t2263,,,,10.0-60.0,10.0,60.0,,,U/l,
p2325,t2264,,,,,,,,,mg/dl,MANUAL_REVIEW: Newbonr 1.2 - 2.6Children 1.5 - 2.3Women 1.9 - 2.5Men 1.8 - 2.6
p2327,t2265,,,,3.4-5.5,3.4,5.5,,,mmol/L,
p2328,t2266,,,,135.0-148.0,135.0,148.0,,,mmol/L,
p2350,t2267,,,,,,,,,mg/dl,MANUAL_REVIEW: Normal:< 150Borderline: 150 - 199High: 200 - 499Very High: > 500
p2357,t2268,F,,,2.6-6.0,2.6,6.0,,,mg/dl,
p2357,t2268,M,,,3.5-7.2,3.5,7.2,,,mg/dl,
p2337,t2269,,,,274.0-385.0,274.0,385.0,,,µg/dL,
p2347,t2270,,,,,,,,,g/dL,MANUAL_REVIEW: Adult: 6.6 - 8.7ChildPre-matures: 3.4 - 5.0Newborns: 4.6 - 6.8Upto 1 Years: 6.0 - 8.0Above 1 Years: 4.8 - 7.6
p2105,t2272,,,,60.0-110.0,60.0,110.0,,,mg/dl,
p2326,t2302,,,,,,,,,mg/dl,MANUAL_REVIEW: Adults: 2.5 - 4.5Child:  4.0 - 7.0
p2330,t2303,,,,5.0-45.0,5.0,45.0,,,U/L,
p2329,t2304,,,,8.0-40.0,8.0,40.0,,,U/l,
p2015,t2323,,,,1.0-7.4,1.0,7.4,,,U/L,
p2344,t2326,,,,200.0-400.0,200.0,400.0,,,ug/dL,
