legacy_test_id,legacy_test_name,legacy_parameter_name,legacy_unit,legacy_type,canonical_parameterExternalId,canonical_name,canonical_defaultUnit,canonical_resultType,unit_mismatch_flag,type_mismatch_flag
12068,17-OH PROGESTERONE,17-OH Progesterone,ng/mL,Decimal,p2000,17-OH Progesterone,ng/mL,numeric,,
12006,25-OH Vitamin D3,25-OH Vitamin - D3,ng/ml,Decimal,p2001,25-OH Vitamin - D3,ng/ml,numeric,,
12033,Vitamin B12,A-B12/Holotranscobalamin.,pmol/L,Text,p2002,A-B12/Holotranscobalamin.,pmol/L,text,,
12172,SERUM PROTEIN ELECTROPHORESIS,A/G Ratio,,Decimal,p2003,A/G Ratio,,numeric,,
12190,A/G RATIO,A/G Ratio,,Decimal,p2003,A/G Ratio,,numeric,,
12289,Semen Analysis,Abnormal,%,Text,p2004,Abnormal,%,text,,
11990,Reticulocyte Count,Absolute Reticulocyte Count,10^12/l,Text,p2005,Absolute Reticulocyte Count,10^12/l,text,,
15678,ACE levels ( Angiotensin converting levels ),ACE Level,U/L,Text,p2006,ACE Level,U/L,text,,
12289,Semen Analysis,Actively Motile Sperm,%,Text,p2007,Actively Motile Sperm,%,text,,
12070,Adenosine Deaminase (ADA)- Serum,Adenosine Deaminase (ADA),U/L,Decimal,p2008,Adenosine Deaminase (ADA),U/L,numeric,,
12069,ACTH - Adrenocorticotropic hormone,Adrenocorticotropic Hormone (ACTH),pg/ml,Decimal,p2009,Adrenocorticotropic Hormone (ACTH),pg/ml,numeric,,
11981,GCT (GLUCOSE CHALLANGE TEST),After intake of Glucose,g,Integer,p2010,After intake of Glucose,g,numeric,,
12221,GLUCOSE TOLERANCE TEST (G.T.T),After intake of Glucose,g,Integer,p2010,After intake of Glucose,g,numeric,,
12172,SERUM PROTEIN ELECTROPHORESIS,Albumin,g/dl,Decimal,p2011,Albumin,g/dl,numeric,,
12190,A/G RATIO,Albumin,g/dl,Decimal,p2011,Albumin,g/dl,numeric,,
12193,Serum Albumin,Albumin,g/dL,Decimal,p2011,Albumin,g/dl,numeric,,
12192,Urine Albumin / Creatinine Ratio- ACR (Spot),Albumin / Creatinine Ratio,mg/g,Text,p2012,Albumin / Creatinine Ratio,mg/g,text,,
7,ALBUMIN (FLUID),Albumin (Fluid),g/dl,Decimal,p2013,Albumin (Fluid),g/dl,numeric,,
11963,ALBUMIN (FLUID),Albumin (Fluid),g/dl,Decimal,p2013,Albumin (Fluid),g/dl,numeric,,
12192,Urine Albumin / Creatinine Ratio- ACR (Spot),Albumin (Spot Urine),mg/L,Decimal,p2014,Albumin (Spot Urine),mg/L,numeric,UNIT_MISMATCH,
12194,Albumin Spot Urine,Albumin (Spot Urine),mg/dl,Decimal,p2014,Albumin (Spot Urine),mg/L,numeric,UNIT_MISMATCH,
13376,ALDOLASE LEVEL,Aldolase Serum,U/L,Decimal,p2015,Aldolase Serum,U/L,numeric,,
12071,Aldosterone level,Aldosterone Level,ng/ml,Decimal,p2016,Aldosterone Level,ng/ml,numeric,,
12196,ALP - Alkaline phosphatase,Alkalaine Phosphatase,U/L,Decimal,p2017,Alkalaine Phosphatase,U/L,numeric,,
12172,SERUM PROTEIN ELECTROPHORESIS,"Alpha-1, Absolute",g/dL,Decimal,p2018,"Alpha-1, Absolute",g/dL,numeric,,
12172,SERUM PROTEIN ELECTROPHORESIS,"Alpha-2, Absolute",g/dL,Decimal,p2019,"Alpha-2, Absolute",g/dL,numeric,,
12007,AFP- Alpha fetoprotein,Alpha Feto-Protein,ng/ml,Decimal,p2020,Alpha Feto-Protein,ng/ml,numeric,,
12096,ANTI MITOCHONDRIAL ANTIBODY (A.M.A),AMA (Anti Microsomal Antibodies) Blood,AU/ml,Decimal,p2021,AMA (Anti Microsomal Antibodies) Blood,AU/ml,numeric,,
12198,Serum Amylase,Amylase,U/L,Decimal,p2022,Amylase,U/L,numeric,,
11965,AMYLASE (SPOT URINE),Amylase (Spot Urine),U/L,Decimal,p2023,Amylase (Spot Urine),U/L,numeric,,
11993,ANA Screen IgG,ANA Screen IgG,,Text,p2024,ANA Screen IgG,,text,,
12075,ANCA-C IgG,ANCA-C IgG,,Decimal,p2025,ANCA-C IgG,,numeric,,
12076,ANCA-C IgM,ANCA-C IgM,,Decimal,p2026,ANCA-C IgM,,numeric,,
12074,ANCA-C (P-3 ANTIBODIES),ANCA-C (P-3 Antibodies),-,Decimal,p2027,ANCA-C (P-3 Antibodies),-,numeric,,
12073,ANCA - P (MPO ANTIBODIES),ANCA-P (MPO Antibodies),-,Decimal,p2028,ANCA-P (MPO Antibodies),-,numeric,,
12077,ANDROGEN LEVEL,Androgen Level,ng/dl,Decimal,p2029,Androgen Level,ng/dl,numeric,,
12078,ANTI CARDIOLIPIN IgG,Anti Cardiolipin IgG,U/ml,Text,p2030,Anti Cardiolipin IgG,U/ml,text,,
12079,ANTI CARDIOLIPIN IgM,Anti Cardiolipin IgM,U/ml,Text,p2031,Anti Cardiolipin IgM,U/ml,text,,
12008,Anti-CCP (Anti-Citrullinated Peptide Antibody),ANTI CCP ANTIBODY,U/mL,Text,p2032,ANTI CCP ANTIBODY,U/mL,text,,
13357,ANA PROFILE,Anti Centromere B,U/ml,Decimal,p2033,Anti Centromere B,U/ml,numeric,,
12009,Anti ds DNA IgG,Anti Ds DNA IgG,IU/ml,Decimal,p2034,Anti Ds DNA IgG,IU/ml,numeric,,
13357,ANA PROFILE,Anti dsDNA IgG,U/ml,Decimal,p2035,Anti dsDNA IgG,U/ml,numeric,,
12081,Anti Endomysial IgA,Anti Endomysial IgA,U/ml,Decimal,p2036,Anti Endomysial IgA,U/ml,numeric,,
12082,Anti Endomysial IgG,Anti Endomysial IgG,U/ml,Decimal,p2037,Anti Endomysial IgG,U/ml,numeric,,
12083,Anti GBM (ANTI GLOMERULAR BASEMENT MEMBRANE),Anti GBM (Anti Glomerular Basement Membrane),-,Decimal,p2038,Anti GBM (Anti Glomerular Basement Membrane),-,numeric,,
12084,Anti Gliadin IgA,Anti Gliadin IgA,U/ml,Decimal,p2039,Anti Gliadin IgA,U/ml,numeric,,
12085,Anti Gliadin IgG,Anti Gliadin IgG,U/ml,Text,p2040,Anti Gliadin IgG,U/ml,text,,
12087,Anti HB Core,Anti HBc,,Text,p2041,Anti HBc,,text,,
12088,ANTI HBC IgG,Anti HBc IgG,-,Decimal,p2042,Anti HBc IgG,-,numeric,,
12089,ANTI HBc IgM,Anti HBc IgM,-,Decimal,p2043,Anti HBc IgM,-,numeric,,
12324,"HCV, HBsAg (Elisa)",Anti HCV (Elisa),S/CO,Text,p2044,Anti HCV (Elisa),S/CO,text,,
12256,Anti HCV Elisa,Anti HCV Elisa Result,,List,p2045,Anti HCV Elisa Result,,coded,,
12256,Anti HCV Elisa,Anti HCV Patient's index value,S/CO,Decimal,p2046,Anti HCV Patient's index value,S/CO,numeric,,
10552,Cross Match & Screening,Anti HCV (Screening),-,List,p2047,Anti HCV (Screening),-,coded,,
12299,CROSS MATCH with Screening,Anti HCV (Screening),-,List,p2047,Anti HCV (Screening),-,coded,,
12012,Anti H Pylori Screening,Anti Helicobacter Pylori Screening,,List,p2048,Anti Helicobacter Pylori Screening,,coded,,
12094,ANTI HEV IgM,ANTI HEV IgM:,S/CO,Text,p2049,ANTI HEV IgM:,S/CO,text,,
13357,ANA PROFILE,Anti Histones,U/ml,Decimal,p2050,Anti Histones,U/ml,numeric,,
11994,ANTI HIV -1&2 Elisa,Anti HIV I & II Elisa,S/CO,Text,p2051,Anti HIV I & II Elisa,S/CO,text,,
12296,HIV Screening,Anti HIV (Screening),-,List,p2052,Anti HIV (Screening),-,coded,,
12124,ENA PROFILE,Anti Jo-1 IgG,U/ml,Decimal,p2053,Anti Jo-1 IgG,U/ml,numeric,,
13357,ANA PROFILE,Anti Jo-1 IgG,U/ml,Decimal,p2053,Anti Jo-1 IgG,U/ml,numeric,,
12095,ANTI KIDNEY LIVER MICROSOMAL ANTIBODIES,Anti Kidney Liver Microsomal Antibodies (KLM),U/ml,Decimal,p2054,Anti Kidney Liver Microsomal Antibodies (KLM),U/ml,numeric,,
13357,ANA PROFILE,Anti Mitochondrial-M2 Ab (AMA-M2),U/ml,Decimal,p2055,Anti Mitochondrial-M2 Ab (AMA-M2),U/ml,numeric,,
12097,Anti Mullerian Hormone (AMH),Anti Mullerian Hormone (AMH),ng/mL,Decimal,p2056,Anti Mullerian Hormone (AMH),ng/mL,numeric,,
12304,Anti Mullerian Hormone (AMH),Anti Mullerian Hormone (AMH),ng/mL,Decimal,p2056,Anti Mullerian Hormone (AMH),ng/mL,numeric,,
12154,LUPUS ANTICOAGULANT,Anti Nucleosome (Lupus Antibodies) Anti Coagulant,U/ml,Text,p2057,Anti Nucleosome (Lupus Antibodies) Anti Coagulant,U/ml,text,,
13357,ANA PROFILE,Anti Nucleosomes IgG,U/ml,Decimal,p2058,Anti Nucleosomes IgG,U/ml,numeric,,
13357,ANA PROFILE,Anti PCNA IgG,U/ml,Decimal,p2059,Anti PCNA IgG,U/ml,numeric,,
12099,ANTI PHOSPHOLIPID IgG,Anti Phospholipid IgG,,Decimal,p2060,Anti Phospholipid IgG,,numeric,,
12100,ANTI PHOSPHOLIPID IgM,Anti Phospholipid IgM,,Decimal,p2061,Anti Phospholipid IgM,,numeric,,
13357,ANA PROFILE,Anti PM/Scl IgG,U/ml,Decimal,p2062,Anti PM/Scl IgG,U/ml,numeric,,
13357,ANA PROFILE,Anti Ribosome Protein IgG,U/ml,Decimal,p2063,Anti Ribosome Protein IgG,U/ml,numeric,,
12124,ENA PROFILE,Anti RO-52,U/ml,Decimal,p2064,Anti RO-52,U/ml,numeric,,
13357,ANA PROFILE,Anti RO-52,U/ml,Decimal,p2064,Anti RO-52,U/ml,numeric,,
12124,ENA PROFILE,Anti ScI-70 IgG,U/ml,Decimal,p2065,Anti ScI-70 IgG,U/ml,numeric,,
13357,ANA PROFILE,Anti ScI-70 IgG,U/ml,Decimal,p2065,Anti ScI-70 IgG,U/ml,numeric,,
12101,ANTI SCL-70,Anti SCL-70 IgG,AU/ml,Decimal,p2066,Anti SCL-70 IgG,AU/ml,numeric,,
12124,ENA PROFILE,Anti Sm IgG,U/ml,Decimal,p2067,Anti Sm IgG,U/ml,numeric,,
13357,ANA PROFILE,Anti Sm IgG,U/ml,Decimal,p2067,Anti Sm IgG,U/ml,numeric,,
12124,ENA PROFILE,Anti Sm/RNP IgG,U/ml,Decimal,p2068,Anti Sm/RNP IgG,U/ml,numeric,,
13357,ANA PROFILE,Anti Sm/RNP IgG,U/ml,Decimal,p2068,Anti Sm/RNP IgG,U/ml,numeric,,
12102,ANTI SMOOTH MUSCLE Abs (A.S.M.A),Anti Smooth Muscle Antibodies (SMA),Au/ml,Decimal,p2069,Anti Smooth Muscle Antibodies (SMA),Au/ml,numeric,,
12103,ANTI SPERM ANTI BODIES,Anti Sperm Antibodies (Serum),-,Decimal,p2070,Anti Sperm Antibodies (Serum),-,numeric,,
12124,ENA PROFILE,Anti SS-A,U/ml,Decimal,p2071,Anti SS-A,U/ml,numeric,,
13357,ANA PROFILE,Anti SS-A,U/ml,Decimal,p2071,Anti SS-A,U/ml,numeric,,
12124,ENA PROFILE,Anti SS-B,U/ml,Decimal,p2072,Anti SS-B,U/ml,numeric,,
13357,ANA PROFILE,Anti SS-B,U/ml,Decimal,p2072,Anti SS-B,U/ml,numeric,,
12104,Anti Thyroglobulin Antibodies (Anti TG),Anti Thyroglobulin Antibodies (Anti TG),IU/ml,Decimal,p2073,Anti Thyroglobulin Antibodies (Anti TG),IU/ml,numeric,,
12105,Anti Thyroid Peroxidase (Blood TPO),Anti Thyroid Peroxidase (Anti TPO),IU/ml,Text,p2074,Anti Thyroid Peroxidase (Anti TPO),IU/ml,text,,
12013,Anti Tissue Transglutaminase IgA,Anti Tissue Transglutaminase IgA,U/ml,Decimal,p2075,Anti Tissue Transglutaminase IgA,U/ml,numeric,,
12014,Anti Tissue Transglutaminase IgG,Anti Tissue Transglutaminase IgG,U/mL,Decimal,p2076,Anti Tissue Transglutaminase IgG,U/mL,numeric,,
12284,Urine Complete Examination,Appearance,,Text,p2077,Appearance,,text,,
12283,APTT,APTT,Sec,Decimal,p2078,APTT,Seconds,numeric,UNIT_MISMATCH,
12322,"PT, APTT, INR",APTT,Seconds,Decimal,p2078,APTT,Seconds,numeric,UNIT_MISMATCH,
11957,APTT,APTT,Seconds,Decimal,p2078,APTT,Seconds,numeric,UNIT_MISMATCH,
12305,APTT,APTT,Sec.,Decimal,p2078,APTT,Seconds,numeric,UNIT_MISMATCH,
12322,"PT, APTT, INR",APTT Control,Seconds,Decimal,p2079,APTT Control,Seconds,numeric,,
11995,ASO TITER (Qualitative),ASO titer,lu/ml,Text,p2080,ASO titer,lu/ml,text,,
15,BLOOD C/E,Atypical Mononuclear/ Blast cells,%,Decimal,p2081,Atypical Mononuclear/ Blast cells,%,numeric,,
32,DLC,Atypical Mononuclear/ Blast cells,%,Decimal,p2081,Atypical Mononuclear/ Blast cells,%,numeric,,
54,PERIPHERAL BLOOD SMEARS,Atypical Mononuclear/ Blast cells,%,Decimal,p2081,Atypical Mononuclear/ Blast cells,%,numeric,,
5489,BLOOD C/E WITH ESR,Atypical Mononuclear/ Blast cells,%,Decimal,p2081,Atypical Mononuclear/ Blast cells,%,numeric,,
5599,DLC,Atypical Mononuclear/ Blast cells,%,Decimal,p2081,Atypical Mononuclear/ Blast cells,%,numeric,,
5700,BLOOD C/E,Atypical Mononuclear/ Blast cells,%,Decimal,p2081,Atypical Mononuclear/ Blast cells,%,numeric,,
10701,CBC with Peripheral Film,Atypical Mononuclear/ Blast cells,%,Decimal,p2081,Atypical Mononuclear/ Blast cells,%,numeric,,
11986,Peripheral blood Film,Atypical Mononuclear/ Blast cells,%,Decimal,p2081,Atypical Mononuclear/ Blast cells,%,numeric,,
12284,Urine Complete Examination,Bacteria,,Text,p2082,Bacteria,,text,,
15,BLOOD C/E,Band Cells,%,Decimal,p2083,Band Cells,%,numeric,,
32,DLC,Band Cells,%,Decimal,p2083,Band Cells,%,numeric,,
42,HB. ELECTROPHORESIS,Band Cells,%,Decimal,p2083,Band Cells,%,numeric,,
54,PERIPHERAL BLOOD SMEARS,Band Cells,%,Decimal,p2083,Band Cells,%,numeric,,
5489,BLOOD C/E WITH ESR,Band Cells,%,Decimal,p2083,Band Cells,%,numeric,,
5599,DLC,Band Cells,%,Decimal,p2083,Band Cells,%,numeric,,
5700,BLOOD C/E,Band Cells,%,Decimal,p2083,Band Cells,%,numeric,,
10701,CBC with Peripheral Film,Band Cells,%,Decimal,p2083,Band Cells,%,numeric,,
11983,HB. ELECTROPHORESIS,Band Cells,%,Decimal,p2083,Band Cells,%,numeric,,
11986,Peripheral blood Film,Band Cells,%,Decimal,p2083,Band Cells,%,numeric,,
15,BLOOD C/E,"Basophil, Absolute",*10^9/l,Decimal,p2084,"Basophil, Absolute",*10^9/l,numeric,UNIT_MISMATCH,
5489,BLOOD C/E WITH ESR,"Basophil, Absolute",*10^9/l,Decimal,p2084,"Basophil, Absolute",*10^9/l,numeric,UNIT_MISMATCH,
5700,BLOOD C/E,"Basophil, Absolute",*10^9/l,Decimal,p2084,"Basophil, Absolute",*10^9/l,numeric,UNIT_MISMATCH,
10701,CBC with Peripheral Film,"Basophil, Absolute",/mm3,Decimal,p2084,"Basophil, Absolute",*10^9/l,numeric,UNIT_MISMATCH,
15,BLOOD C/E,Basophils,%,Decimal,p2085,Basophils,%,numeric,,
32,DLC,Basophils,%,Decimal,p2085,Basophils,%,numeric,,
42,HB. ELECTROPHORESIS,Basophils,%,Decimal,p2085,Basophils,%,numeric,,
54,PERIPHERAL BLOOD SMEARS,Basophils,%,Decimal,p2085,Basophils,%,numeric,,
5489,BLOOD C/E WITH ESR,Basophils,%,Decimal,p2085,Basophils,%,numeric,,
5599,DLC,Basophils,%,Decimal,p2085,Basophils,%,numeric,,
5700,BLOOD C/E,Basophils,%,Decimal,p2085,Basophils,%,numeric,,
10701,CBC with Peripheral Film,Basophils,%,Decimal,p2085,Basophils,%,numeric,,
11983,HB. ELECTROPHORESIS,Basophils,%,Decimal,p2085,Basophils,%,numeric,,
11986,Peripheral blood Film,Basophils,%,Decimal,p2085,Basophils,%,numeric,,
12172,SERUM PROTEIN ELECTROPHORESIS,Beta,g/dL,Decimal,p2086,Beta,g/dL,numeric,,
12016,Beta 2 Glycoprotein-1 IgG,Beta 2 Glycoprotein-1 IgG,U/ml,Decimal,p2087,Beta 2 Glycoprotein-1 IgG,U/ml,numeric,,
12017,Beta 2 Glycoprotein-1 IgM,Beta 2 Glycoprotein-1 IgM,U/ml,Text,p2088,Beta 2 Glycoprotein-1 IgM,U/ml,text,,
12018,Beta HCG,BETA HCG,mIU/ml,Decimal,p2089,BETA HCG,mIU/ml,numeric,,
12284,Urine Complete Examination,Bilirubin,,Text,p2090,Bilirubin,,text,,
12201,BILIRUBIN CONJUGATED,Bilirubin Conjugated,mg/dl,Decimal,p2091,Bilirubin Conjugated,mg/dl,numeric,,
347,BILIRUBIN TOTAL,Bilirubin Total,mg/dl,Decimal,p2092,Bilirubin Total,mg/dl,numeric,,
12298,Bilirubin,Bilirubin Total,mg/dl,Decimal,p2092,Bilirubin Total,mg/dl,numeric,,
12202,BILIRUBIN UNCONJUGATED,Bilirubin Unconjugated,mg/dl,Formula,p2093,Bilirubin Unconjugated,mg/dl,numeric,,
42,HB. ELECTROPHORESIS,Blast Cells,%,Text,p2094,Blast Cells,%,text,,
11983,HB. ELECTROPHORESIS,Blast Cells,%,Text,p2094,Blast Cells,%,text,,
12301,Bleeding Time (BT),Bleeding Time (BT),minutes,Text,p2095,Bleeding Time (BT),minutes,text,,
12035,Stool Complete Examination,Blood,,Text,p2096,Blood,,text,,
12284,Urine Complete Examination,Blood,,Text,p2096,Blood,,text,,
10552,Cross Match & Screening,Blood Bag Number,-,Text,p2097,Blood Bag Number,-,text,,
12299,CROSS MATCH with Screening,Blood Bag Number,-,Text,p2097,Blood Bag Number,-,text,,
10552,Cross Match & Screening,Blood Collection Date,-,Date,p2098,Blood Collection Date,-,text,,
12299,CROSS MATCH with Screening,Blood Collection Date,-,Date,p2098,Blood Collection Date,-,text,,
12221,GLUCOSE TOLERANCE TEST (G.T.T),Blood Glucose 1 hr.,mg/dl,Decimal,p2099,Blood Glucose 1 hr.,mg/dl,numeric,,
12221,GLUCOSE TOLERANCE TEST (G.T.T),Blood Glucose 2 hrs.,mg/dl,Decimal,p2100,Blood Glucose 2 hrs.,mg/dl,numeric,,
12203,Blood Glucose Fasting (FBS),Blood Glucose Fasting,mg/dl,Decimal,p2101,Blood Glucose Fasting,mg/dl,numeric,,
12221,GLUCOSE TOLERANCE TEST (G.T.T),Blood Glucose Fasting,mg/dl,Decimal,p2101,Blood Glucose Fasting,mg/dl,numeric,,
349,BLOOD GROUP & Rh FACTOR,Blood Group,,Text,p2102,Blood Group,,text,,
12292,Blood Group,Blood Group,,Text,p2102,Blood Group,,text,,
40,GCT (GLUCOSE CHALLANGE TEST),Blood Sugar 1-HRS,mg/dl,Decimal,p2103,Blood Sugar 1-HRS,mg/dl,numeric,,
11981,GCT (GLUCOSE CHALLANGE TEST),Blood Sugar 1-HRS,mg/dl,Decimal,p2103,Blood Sugar 1-HRS,mg/dl,numeric,,
11981,GCT (GLUCOSE CHALLANGE TEST),Blood Sugar - 2HRS,mg/dl,Integer,p2104,Blood Sugar - 2HRS,mg/dl,numeric,,
40,GCT (GLUCOSE CHALLANGE TEST),Blood Sugar Fasting,mg/dl,Decimal,p2105,Blood Sugar Fasting,mg/dl,numeric,,
11981,GCT (GLUCOSE CHALLANGE TEST),Blood Sugar Fasting,mg/dl,Decimal,p2105,Blood Sugar Fasting,mg/dl,numeric,,
12255,URINE SUGAR FASTING,Blood Sugar Fasting,mg/dl,Decimal,p2105,Blood Sugar Fasting,mg/dl,numeric,,
12204,Blood Sugar Random (RBS),Blood Sugar Random,mg/dl,Decimal,p2106,Blood Sugar Random,mg/dl,numeric,,
12205,Blood Urea,Blood Urea Nitrogen (BUN),mg/dl,Decimal,p2107,Blood Urea Nitrogen (BUN),mg/dl,numeric,,
12206,Blood Urea Nitrogen (BUN),Blood Urea Nitrogen (BUN),mg/dl,Decimal,p2107,Blood Urea Nitrogen (BUN),mg/dl,numeric,,
12234,RFT (RENAL FUNCTION TEST),Blood Urea Nitrogen (BUN),mg/dl,Decimal,p2107,Blood Urea Nitrogen (BUN),mg/dl,numeric,,
10552,Cross Match & Screening,Bovine Albumin Phase at 37 C,-,Text,p2108,Bovine Albumin Phase at 37 C,-,text,,
10552,Cross Match & Screening,Bovine Albumin Phase at R.T.,-,Text,p2109,Bovine Albumin Phase at R.T.,-,text,,
12106,BRUCELLA TEST (IgG),Brucella IgG,IU/ml,Decimal,p2110,Brucella IgG,IU/ml,numeric,,
12107,BRUCELLA TEST (IgM),Brucella IgM,IU/ml,Decimal,p2111,Brucella IgM,IU/ml,numeric,,
19,BUN/ CREATININE RATIO,BUN/Creatinine Ratio,,Decimal,p2112,BUN/Creatinine Ratio,,numeric,,
11971,BUN/ CREATININE RATIO,BUN/Creatinine Ratio,,Decimal,p2112,BUN/Creatinine Ratio,,numeric,,
12109,CEA (Carcinoembryonic Antigen),C.E.A,ng/ml,Decimal,p2113,C.E.A,ng/ml,numeric,,
12213,Cardiac Enzymes,C.P.K,U/L,Decimal,p2114,C.P.K,U/L,numeric,,
12209,CPK-Creatine phosphokinase,C.P.K,U/L,Decimal,p2114,C.P.K,U/L,numeric,,
12108,C-Peptide Level (Fasting),C-Peptide Level,ng/ml,Decimal,p2115,C-Peptide Level,ng/ml,numeric,,
12297,C-Reactive Protien (CRP) (Quantitative),C-Reactive Protein (CRP),mg/L,Decimal,p2116,C-Reactive Protein (CRP),mg/L,numeric,,
12207,C3 (Complement Level 3),C3 (Complement Level 3),g/l,Decimal,p2117,C3 (Complement Level 3),g/l,numeric,,
12208,C4 (Complement Level 4),C4 (Complement Level 4),mg/dl,Decimal,p2118,C4 (Complement Level 4),mg/dl,numeric,,
12019,CA 125,CA-125,U/ml,Decimal,p2119,CA-125,U/ml,numeric,,
12110,CA 15-3 (Blood),CA 15-3 (Blood),U/ml,Decimal,p2120,CA 15-3 (Blood),U/ml,numeric,,
12020,CA 19-9,CA-19-9,u/ml,Decimal,p2121,CA-19-9,u/ml,numeric,,
12240,Serum Electrolyte,Calcium,mg/dl,Decimal,p2122,Calcium,mg/dl,numeric,,
20,CALCIUM/CREATININE RATIO,Calcium/Creatinine (Spot Urine),,Decimal,p2123,Calcium/Creatinine (Spot Urine),,numeric,,
11972,CALCIUM/CREATININE RATIO,Calcium/Creatinine (Spot Urine),,Decimal,p2123,Calcium/Creatinine (Spot Urine),,numeric,,
20,CALCIUM/CREATININE RATIO,Calcium (Spot Urine),mg/L,Decimal,p2124,Calcium (Spot Urine),mg/L,numeric,,
11972,CALCIUM/CREATININE RATIO,Calcium (Spot Urine),mg/L,Decimal,p2124,Calcium (Spot Urine),mg/L,numeric,,
12318,Lipid Profile,Cholesterol / HDL Cholesterol Ratio,mg/dl,Formula,p2125,Cholesterol / HDL Cholesterol Ratio,mg/dl,numeric,,
12213,Cardiac Enzymes,CKMB,u/l,Decimal,p2126,CKMB,u/l,numeric,,
12216,CK-MB,CKMB,u/l,Decimal,p2126,CKMB,u/l,numeric,,
12302,Clotting Time (CT),Clotting Time (CT),minutes,Text,p2127,Clotting Time (CT),minutes,text,,
12111,CMV IgG,CMV IgG (Cytomegalovirus),IU/ml,Decimal,p2128,CMV IgG (Cytomegalovirus),IU/ml,numeric,,
12112,CMV IgM,CMV IgM (Cytomegalovirus),IU/ml,Decimal,p2129,CMV IgM (Cytomegalovirus),IU/ml,numeric,,
12035,Stool Complete Examination,Color,,Text,p2130,Color,,text,,
12284,Urine Complete Examination,Color,,Text,p2130,Color,,text,,
12063,Fluid Complete Examination,Color,,Text,p2130,Color,,text,,
12289,Semen Analysis,Color,,Text,p2130,Color,,text,,
12035,Stool Complete Examination,Consistency,,Text,p2131,Consistency,,text,,
12289,Semen Analysis,Consistency,,Text,p2131,Consistency,,text,,
12283,APTT,Control,Sec,Decimal,p2132,Control,Sec,numeric,,
10552,Cross Match & Screening,Coombs Phase at 37 C,-,Text,p2133,Coombs Phase at 37 C,-,text,,
11976,Coombs Test Direct,Coombs Test Direct,,Text,p2134,Coombs Test Direct,,text,,
11975,Coombs Test Indirect,Coombs Test Indirect,,Text,p2135,Coombs Test Indirect,,text,,
12113,COPPER (24 HRS URINE),Copper (24 hrs Urine),ug/24hrs,Decimal,p2136,Copper (24 hrs Urine),ug/24hrs,numeric,,
15,BLOOD C/E,Corrected WBC's,/cmm,Decimal,p2137,Corrected WBC's,/cmm,numeric,,
54,PERIPHERAL BLOOD SMEARS,Corrected WBC's,/cmm,Decimal,p2137,Corrected WBC's,/cmm,numeric,,
5489,BLOOD C/E WITH ESR,Corrected WBC's,/cmm,Decimal,p2137,Corrected WBC's,/cmm,numeric,,
5700,BLOOD C/E,Corrected WBC's,/cmm,Decimal,p2137,Corrected WBC's,/cmm,numeric,,
11986,Peripheral blood Film,Corrected WBC's,/cmm,Decimal,p2137,Corrected WBC's,/cmm,numeric,,
12115,CORTISOL (URINE 24 HRS),Cortisol,ug/24h,Decimal,p2138,Cortisol,ug/24h,numeric,,
12021,CORTISOL (A.M),Cortisol AM,nmol/l,Decimal,p2139,Cortisol AM,nmol/l,numeric,,
12022,Cortisol PM,Cortisol PM,nmol/l,Decimal,p2140,Cortisol PM,nmol/l,numeric,,
12114,CORTISOL (SPOT URINE),Cortisole (Spot Urine),ug/l,Decimal,p2141,Cortisole (Spot Urine),ug/l,numeric,,
12234,RFT (RENAL FUNCTION TEST),Creatinine,mg/dl,Decimal,p2142,Creatinine,mg/dl,numeric,,
12239,Serum Creatinine,Creatinine,mg/dl,Decimal,p2142,Creatinine,mg/dl,numeric,,
10545,SERUM CREATININE,Creatinine,mg/dl,Decimal,p2142,Creatinine,mg/dl,numeric,,
11977,CREATININE (24 hrs urine),Creatinine (24 hrs urine),G/24 hrs,Decimal,p2143,Creatinine (24 hrs urine),G/24 hrs,numeric,,
12025,Creatinine Clearance (24 Hrs Urine & Serum),Creatinine Clearance,ml/min,Decimal,p2144,Creatinine Clearance,ml/min,numeric,,
20,CALCIUM/CREATININE RATIO,Creatinine (Spot Urine),mg/dl,Decimal,p2145,Creatinine (Spot Urine),mg/dl,numeric,,
11972,CALCIUM/CREATININE RATIO,Creatinine (Spot Urine),mg/dl,Decimal,p2145,Creatinine (Spot Urine),mg/dl,numeric,,
12192,Urine Albumin / Creatinine Ratio- ACR (Spot),Creatinine (Spot Urine),mg/dl,Decimal,p2145,Creatinine (Spot Urine),mg/dl,numeric,,
12231,Urine Protein/ Creatinine Ratio (Spot),Creatinine (Spot Urine),mg/dl,Decimal,p2145,Creatinine (Spot Urine),mg/dl,numeric,,
10552,Cross Match & Screening,Cross Match,-,Text,p2146,Cross Match,-,text,,
12299,CROSS MATCH with Screening,Cross Match,-,Text,p2146,Cross Match,-,text,,
12026,CRP (HIGH SENSITIVITY),CRP (High Sensitivity),mg/L,Decimal,p2147,CRP (High Sensitivity),mg/L,numeric,,
12284,Urine Complete Examination,Crystal,,Text,p2148,Crystal,,text,,
12087,Anti HB Core,Cut Off Value,,Text,p2149,Cut Off Value,,text,,
14307,D-DIMER (F.D.P's),D-DIMER (F.D.P's),mg/L,Text,p2150,D-DIMER (F.D.P's),mg/L,text,,
11996,Dengue NS1 Antigen (ELISA),Dengue NS1 Antigen,S/CO,Text,p2151,Dengue NS1 Antigen,S/CO,text,,
12119,DENGUE IgG,Dengue Virus (IgG),,Decimal,p2152,Dengue Virus (IgG),,numeric,,
12120,DENGUE IgM,Dengue Virus (IgM),,Decimal,p2153,Dengue Virus (IgM),,numeric,,
12122,DIGOXIN,Digoxin,ng/ml,Decimal,p2154,Digoxin,ng/ml,numeric,,
12298,Bilirubin,Direct Bilirubin,mg/dl,Decimal,p2155,Direct Bilirubin,mg/dl,numeric,,
54,PERIPHERAL BLOOD SMEARS,DLC,,Text,p2156,DLC,,text,,
11986,Peripheral blood Film,DLC,,Text,p2156,DLC,,text,,
10552,Cross Match & Screening,Donor Blood Group,-,List,p2157,Donor Blood Group,-,coded,,
12299,CROSS MATCH with Screening,Donor Blood Group,-,List,p2157,Donor Blood Group,-,coded,,
10552,Cross Match & Screening,Donor Heamoglobin (HB),g/dl,Decimal,p2158,Donor Heamoglobin (HB),g/dl,numeric,,
12299,CROSS MATCH with Screening,Donor Heamoglobin (HB),g/dl,Decimal,p2158,Donor Heamoglobin (HB),g/dl,numeric,,
10552,Cross Match & Screening,Donor Name,-,Text,p2159,Donor Name,-,text,,
12299,CROSS MATCH with Screening,Donor Name,-,Text,p2159,Donor Name,-,text,,
12347,Complete Blood Count- CBC with Peripheral smear,E.S.R,mm/1st hr,Decimal,p2160,E.S.R,mm/1st hr,numeric,,
15,BLOOD C/E,Eosinophil,%,Decimal,p2161,Eosinophil,%,numeric,,
32,DLC,Eosinophil,%,Decimal,p2161,Eosinophil,%,numeric,,
54,PERIPHERAL BLOOD SMEARS,Eosinophil,%,Decimal,p2161,Eosinophil,%,numeric,,
5489,BLOOD C/E WITH ESR,Eosinophil,%,Decimal,p2161,Eosinophil,%,numeric,,
5599,DLC,Eosinophil,%,Decimal,p2161,Eosinophil,%,numeric,,
5700,BLOOD C/E,Eosinophil,%,Decimal,p2161,Eosinophil,%,numeric,,
11986,Peripheral blood Film,Eosinophil,%,Decimal,p2161,Eosinophil,%,numeric,,
12280,Complete Blood Count- CBC,Eosinophil,%,Decimal,p2161,Eosinophil,%,numeric,,
12343,Complete Blood Count- CBC with ESR,Eosinophil,%,Decimal,p2161,Eosinophil,%,numeric,,
12344,Complete Blood Count- CBC with Blood Group,Eosinophil,%,Decimal,p2161,Eosinophil,%,numeric,,
12346,Complete Blood Count- CBC,Eosinophil,%,Decimal,p2161,Eosinophil,%,numeric,,
12347,Complete Blood Count- CBC with Peripheral smear,Eosinophil,%,Decimal,p2161,Eosinophil,%,numeric,,
15,BLOOD C/E,"Eosinophil, Absolute",*10^9/l,Decimal,p2162,"Eosinophil, Absolute",*10^9/l,numeric,UNIT_MISMATCH,
5489,BLOOD C/E WITH ESR,"Eosinophil, Absolute",*10^9/l,Decimal,p2162,"Eosinophil, Absolute",*10^9/l,numeric,UNIT_MISMATCH,
5700,BLOOD C/E,"Eosinophil, Absolute",*10^9/l,Decimal,p2162,"Eosinophil, Absolute",*10^9/l,numeric,UNIT_MISMATCH,
10701,CBC with Peripheral Film,"Eosinophil, Absolute",/mm3,Decimal,p2162,"Eosinophil, Absolute",*10^9/l,numeric,UNIT_MISMATCH,
12280,Complete Blood Count- CBC,"Eosinophil, Absolute",*10^9/l,Decimal,p2162,"Eosinophil, Absolute",*10^9/l,numeric,UNIT_MISMATCH,
12343,Complete Blood Count- CBC with ESR,"Eosinophil, Absolute",*10^9/l,Decimal,p2162,"Eosinophil, Absolute",*10^9/l,numeric,UNIT_MISMATCH,
12344,Complete Blood Count- CBC with Blood Group,"Eosinophil, Absolute",*10^9/l,Decimal,p2162,"Eosinophil, Absolute",*10^9/l,numeric,UNIT_MISMATCH,
12346,Complete Blood Count- CBC,"Eosinophil, Absolute",*10^9/l,Decimal,p2162,"Eosinophil, Absolute",*10^9/l,numeric,UNIT_MISMATCH,
12347,Complete Blood Count- CBC with Peripheral smear,"Eosinophil, Absolute",*10^9/l,Decimal,p2162,"Eosinophil, Absolute",*10^9/l,numeric,UNIT_MISMATCH,
36,EOSINOPHIL COUNT,"Eosinophil, Absolute",*10^9/l,Decimal,p2162,"Eosinophil, Absolute",*10^9/l,numeric,UNIT_MISMATCH,
11958,ABSOLUTE EOSINOPHIL COUNT,"Eosinophil, Absolute",*10^9/l,Decimal,p2162,"Eosinophil, Absolute",*10^9/l,numeric,UNIT_MISMATCH,
42,HB. ELECTROPHORESIS,Eosinophils,%,Formula,p2163,Eosinophils,%,numeric,,
10701,CBC with Peripheral Film,Eosinophils,%,Formula,p2163,Eosinophils,%,numeric,,
11983,HB. ELECTROPHORESIS,Eosinophils,%,Formula,p2163,Eosinophils,%,numeric,,
12284,Urine Complete Examination,Epithelial Cells,,Text,p2164,Epithelial Cells,,text,,
12289,Semen Analysis,Epithelial Cells,,Text,p2164,Epithelial Cells,,text,,
15,BLOOD C/E,ESR,mm/1st hr,Decimal,p2165,ESR,mm/1st hr,numeric,,
5489,BLOOD C/E WITH ESR,ESR,mm/1st hr,Decimal,p2165,ESR,mm/1st hr,numeric,,
5700,BLOOD C/E,ESR,mm/1st hr,Decimal,p2165,ESR,mm/1st hr,numeric,,
10701,CBC with Peripheral Film,ESR,mm/1st hr,Decimal,p2165,ESR,mm/1st hr,numeric,,
12280,Complete Blood Count- CBC,ESR,mm/1st hr,Decimal,p2165,ESR,mm/1st hr,numeric,,
12343,Complete Blood Count- CBC with ESR,ESR,mm/1st hr,Decimal,p2165,ESR,mm/1st hr,numeric,,
12344,Complete Blood Count- CBC with Blood Group,ESR,mm/1st hr,Decimal,p2165,ESR,mm/1st hr,numeric,,
12346,Complete Blood Count- CBC,ESR,mm/1st hr,Decimal,p2165,ESR,mm/1st hr,numeric,,
12347,Complete Blood Count- CBC with Peripheral smear,ESR,mm/1st hr,Decimal,p2165,ESR,mm/1st hr,numeric,,
11979,ESR,ESR,mm/1st hr,Decimal,p2165,ESR,mm/1st hr,numeric,,
12125,Estradiol,Estradiol,pg/mL,Decimal,p2166,Estradiol,pg/mL,numeric,,
12126,Estrogen,Estrogen,pg/mL,Decimal,p2167,Estrogen,pg/mL,numeric,,
12127,F.D.P's (D-DIMER),F.D.P's (D-DIMER),ng/ml,Decimal,p2168,F.D.P's (D-DIMER),ng/ml,numeric,UNIT_MISMATCH,
13110,F.D.P's (D-DIMER),F.D.P's (D-DIMER),ug/ml,Decimal,p2168,F.D.P's (D-DIMER),ng/ml,numeric,UNIT_MISMATCH,
12130,Fibrinogen Level,Fibrinogen Level,mg/dl,Decimal,p2169,Fibrinogen Level,mg/dl,numeric,,
12027,Serum Folic Acid,Folic Acid,ng/ml,Decimal,p2170,Folic Acid,ng/ml,numeric,,
148,FREE T3,Free T3,pg/ml,Decimal,p2171,Free T3,pg/ml,numeric,UNIT_MISMATCH,TYPE_MISMATCH
12039,Free T3,Free T3,pmol/L,Text,p2171,Free T3,pg/ml,numeric,UNIT_MISMATCH,TYPE_MISMATCH
12320,FREE T3,Free T3,pg/ml,Decimal,p2171,Free T3,pg/ml,numeric,UNIT_MISMATCH,TYPE_MISMATCH
12040,Free T4,FREE T4,pmol/L,Text,p2172,FREE T4,pmol/L,text,UNIT_MISMATCH,TYPE_MISMATCH
12321,FREE T4,FREE T4,ng/dl,Decimal,p2172,FREE T4,pmol/L,text,UNIT_MISMATCH,TYPE_MISMATCH
12041,FREE TESTOSTERONE,Free Testosterone Serum,Pg/ml,Decimal,p2173,Free Testosterone Serum,Pg/ml,numeric,,
12289,Semen Analysis,Fructose,,List,p2174,Fructose,,coded,,
12046,"LH , FSH , SERUM PROLACTIN",FSH,mIU/ml,Text,p2175,FSH,mIU/ml,text,,
12042,FSH,FSH,mIU/ml,Text,p2175,FSH,mIU/ml,text,,
12172,SERUM PROTEIN ELECTROPHORESIS,Gamma,g/dL,Decimal,p2176,Gamma,g/dL,numeric,,
12219,GAMMA GT,Gamma GT,U/L,Decimal,p2177,Gamma GT,U/L,numeric,,
12241,SERUM GLOBULIN,Globulins,g/dl,Formula,p2178,Globulins,g/dl,numeric,,
12239,Serum Creatinine,Glomerular Filteration Rate (GFR),mL/Min/1.73m^2,Decimal,p2179,Glomerular Filteration Rate (GFR),mL/Min/1.73m^2,numeric,,
12284,Urine Complete Examination,Glucose,,Text,p2180,Glucose,,text,,
12284,Urine Complete Examination,Granular Cast/LPF,,Text,p2181,Granular Cast/LPF,,text,,
12043,GROWTH HORMONE,Growth Hormone (GH),ng/ml,Decimal,p2182,Growth Hormone (GH),ng/ml,numeric,,
12132,HAV IgG,HAV IgG,S/CO,Text,p2183,HAV IgG,S/CO,text,,
42,HB. ELECTROPHORESIS,HB-A,%,Decimal,p2184,HB-A,%,numeric,,
11983,HB. ELECTROPHORESIS,HB-A,%,Decimal,p2184,HB-A,%,numeric,,
42,HB. ELECTROPHORESIS,HB-A2,%,Decimal,p2185,HB-A2,%,numeric,,
11983,HB. ELECTROPHORESIS,HB-A2,%,Decimal,p2185,HB-A2,%,numeric,,
42,HB. ELECTROPHORESIS,HB-C,%,Decimal,p2186,HB-C,%,numeric,,
11983,HB. ELECTROPHORESIS,HB-C,%,Decimal,p2186,HB-C,%,numeric,,
42,HB. ELECTROPHORESIS,HB-F,%,Decimal,p2187,HB-F,%,numeric,,
11983,HB. ELECTROPHORESIS,HB-F,%,Decimal,p2187,HB-F,%,numeric,,
42,HB. ELECTROPHORESIS,HB-S/D,%,Decimal,p2188,HB-S/D,%,numeric,,
11983,HB. ELECTROPHORESIS,HB-S/D,%,Decimal,p2188,HB-S/D,%,numeric,,
12134,HBA1c,HbA1c,%,Decimal,p2189,HbA1c,%,numeric,,
11998,HBsAg Elisa,HBsAg Patient's index value,,Text,p2190,HBsAg Patient's index value,,text,,
10552,Cross Match & Screening,HBsAg (Screening),-,List,p2191,HBsAg (Screening),-,coded,,
12299,CROSS MATCH with Screening,HBsAg (Screening),-,List,p2191,HBsAg (Screening),-,coded,,
12323,"HCV, HBsAg ICT",HBsAg (Screening),,List,p2191,HBsAg (Screening),-,coded,,
11997,HBsAg Screening,HBsAg (Screening),,List,p2191,HBsAg (Screening),-,coded,,
43,Hct,HCT (PCV),%,Decimal,p2192,HCT (PCV),%,numeric,,
5609,Hct,HCT (PCV),%,Decimal,p2192,HCT (PCV),%,numeric,,
12323,"HCV, HBsAg ICT",HCV Screening,,List,p2193,HCV Screening,,coded,,
11999,HCV Screening,HCV Screening,,List,p2193,HCV Screening,,coded,,
12318,Lipid Profile,HDL Cholesterol,mg/dl,Decimal,p2194,HDL Cholesterol,mg/dl,numeric,,
12222,HDL (CHOLESTEROL),HDL Cholesterol,mg/dl,Decimal,p2194,HDL Cholesterol,mg/dl,numeric,,
12289,Semen Analysis,Head Defect,%,Text,p2195,Head Defect,%,text,,
42,HB. ELECTROPHORESIS,Heamoglobin,g/dl,Decimal,p2196,Heamoglobin,g/dl,numeric,,
11983,HB. ELECTROPHORESIS,Heamoglobin,g/dl,Decimal,p2196,Heamoglobin,g/dl,numeric,,
12136,H. Pylori IgA,Helicobacter Pylori Abs (IgA),U/ml,Decimal,p2197,Helicobacter Pylori Abs (IgA),U/ml,numeric,,
12137,H. Pylori IgG,Helicobacter Pylori Abs (IgG),U/ml,Decimal,p2198,Helicobacter Pylori Abs (IgG),U/ml,numeric,UNIT_MISMATCH,TYPE_MISMATCH
12325,H. Pylori IgG,Helicobacter Pylori Abs (IgG),IU/ml,Text,p2198,Helicobacter Pylori Abs (IgG),U/ml,numeric,UNIT_MISMATCH,TYPE_MISMATCH
12138,H. Pylori IgM,Helicobacter Pylori Abs IgM,S/CO,Text,p2199,Helicobacter Pylori Abs IgM,S/CO,text,,
15,BLOOD C/E,Hematocrit (HCT),%,Text,p2200,Hematocrit (HCT),%,text,,
42,HB. ELECTROPHORESIS,Hematocrit (HCT),%,Text,p2200,Hematocrit (HCT),%,text,,
5489,BLOOD C/E WITH ESR,Hematocrit (HCT),%,Text,p2200,Hematocrit (HCT),%,text,,
5700,BLOOD C/E,Hematocrit (HCT),%,Text,p2200,Hematocrit (HCT),%,text,,
10701,CBC with Peripheral Film,Hematocrit (HCT),%,Text,p2200,Hematocrit (HCT),%,text,,
11983,HB. ELECTROPHORESIS,Hematocrit (HCT),%,Text,p2200,Hematocrit (HCT),%,text,,
12280,Complete Blood Count- CBC,Hematocrit (HCT),%,Text,p2200,Hematocrit (HCT),%,text,,
12306,CBC For Dengue,Hematocrit (HCT),%,Text,p2200,Hematocrit (HCT),%,text,,
12343,Complete Blood Count- CBC with ESR,Hematocrit (HCT),%,Text,p2200,Hematocrit (HCT),%,text,,
12344,Complete Blood Count- CBC with Blood Group,Hematocrit (HCT),%,Text,p2200,Hematocrit (HCT),%,text,,
12346,Complete Blood Count- CBC,Hematocrit (HCT),%,Text,p2200,Hematocrit (HCT),%,text,,
12347,Complete Blood Count- CBC with Peripheral smear,Hematocrit (HCT),%,Text,p2200,Hematocrit (HCT),%,text,,
12348,Hemoglobin (Hb) with RBC indices,Hematocrit (HCT),%,Text,p2200,Hematocrit (HCT),%,text,,
15,BLOOD C/E,Hemoglobin (HB),g/dl,Decimal,p2201,Hemoglobin (HB),g/dl,numeric,,
5489,BLOOD C/E WITH ESR,Hemoglobin (HB),g/dl,Decimal,p2201,Hemoglobin (HB),g/dl,numeric,,
5700,BLOOD C/E,Hemoglobin (HB),g/dl,Decimal,p2201,Hemoglobin (HB),g/dl,numeric,,
10701,CBC with Peripheral Film,Hemoglobin (HB),g/dl,Decimal,p2201,Hemoglobin (HB),g/dl,numeric,,
12280,Complete Blood Count- CBC,Hemoglobin (HB),g/dl,Decimal,p2201,Hemoglobin (HB),g/dl,numeric,,
12306,CBC For Dengue,Hemoglobin (HB),g/dl,Decimal,p2201,Hemoglobin (HB),g/dl,numeric,,
12343,Complete Blood Count- CBC with ESR,Hemoglobin (HB),g/dl,Decimal,p2201,Hemoglobin (HB),g/dl,numeric,,
12344,Complete Blood Count- CBC with Blood Group,Hemoglobin (HB),g/dl,Decimal,p2201,Hemoglobin (HB),g/dl,numeric,,
12346,Complete Blood Count- CBC,Hemoglobin (HB),g/dl,Decimal,p2201,Hemoglobin (HB),g/dl,numeric,,
12347,Complete Blood Count- CBC with Peripheral smear,Hemoglobin (HB),g/dl,Decimal,p2201,Hemoglobin (HB),g/dl,numeric,,
12348,Hemoglobin (Hb) with RBC indices,Hemoglobin (HB),g/dl,Decimal,p2201,Hemoglobin (HB),g/dl,numeric,,
41,HB,Hemoglobin (HB),g/dl,Decimal,p2201,Hemoglobin (HB),g/dl,numeric,,
5696,HB,Hemoglobin (HB),g/dl,Decimal,p2201,Hemoglobin (HB),g/dl,numeric,,
12133,HAV IgM,Hepatitis A Virus IgM,U/ml,Text,p2202,Hepatitis A Virus IgM,U/ml,text,,
12135,HBeAg,"Hepatitis B ""e"" Antigen",S/CO,Text,p2203,"Hepatitis B ""e"" Antigen",S/CO,text,,
11998,HBsAg Elisa,Hepatitis B Surface Antigen,,List,p2204,Hepatitis B Surface Antigen,S/CO,coded,UNIT_MISMATCH,TYPE_MISMATCH
12324,"HCV, HBsAg (Elisa)",Hepatitis B Surface Antigen,S/CO,Text,p2204,Hepatitis B Surface Antigen,S/CO,coded,UNIT_MISMATCH,TYPE_MISMATCH
12139,HERPES IgG,Herpes IgG,IU/ml,Decimal,p2205,Herpes IgG,IU/ml,numeric,,
12140,HERPES IgM,Herpes IgM,IU/ml,Decimal,p2206,Herpes IgM,IU/ml,numeric,,
10552,Cross Match & Screening,HIV (Screening),-,List,p2207,HIV (Screening),-,coded,,
12299,CROSS MATCH with Screening,HIV (Screening),-,List,p2207,HIV (Screening),-,coded,,
12142,HOMOCYSTINE (BLOOD),Homocystine (Blood),µmol/l,Decimal,p2208,Homocystine (Blood),µmol/l,numeric,,
12143,HOMOCYSTINE (URINE),Homocystine (Urine),µmol/l,Decimal,p2209,Homocystine (Urine),µmol/l,numeric,,
12148,"Immunoglobulin (IgA,IgG,IgM)",IgA,mg/dl,Decimal,p2210,IgA,mg/dl,numeric,,
12145,IgA Level,IgA,mg/dl,Decimal,p2210,IgA,mg/dl,numeric,,
12028,IgE Level,IgE,IU/ml,Decimal,p2211,IgE,IU/ml,numeric,,
12148,"Immunoglobulin (IgA,IgG,IgM)",IgG Level,mg/dl,Decimal,p2212,IgG Level,mg/dl,numeric,,
12146,IgG Level,IgG Level,mg/dl,Decimal,p2212,IgG Level,mg/dl,numeric,,
12148,"Immunoglobulin (IgA,IgG,IgM)",IgM,mg/dl,Decimal,p2213,IgM,mg/dl,numeric,,
12147,IgM,IgM,mg/dl,Decimal,p2213,IgM,mg/dl,numeric,,
12289,Semen Analysis,Immotile,%,Text,p2214,Immotile,%,text,,
12298,Bilirubin,Indirect Bilirubin,mg/dl,Decimal,p2215,Indirect Bilirubin,mg/dl,numeric,,
60,PROTHROMBIN TIME (PT with INR),INR,Ratio,Decimal,p2216,INR,Ratio,numeric,UNIT_MISMATCH,
5701,PROTHROMBIN TIME (PT with INR),INR,Ratio,Decimal,p2216,INR,Ratio,numeric,UNIT_MISMATCH,
12282,PROTHROMBIN TIME (PT with INR),INR,,Decimal,p2216,INR,Ratio,numeric,UNIT_MISMATCH,
12309,Prothrombin Time (PT with INR),INR,,Decimal,p2216,INR,Ratio,numeric,UNIT_MISMATCH,
12322,"PT, APTT, INR",INR,,Decimal,p2216,INR,Ratio,numeric,UNIT_MISMATCH,
12150,Insulin Growth Factor-1 (IGF-1),Insulin Growth Factor-1 (IGF-1),ng/ml,Decimal,p2217,Insulin Growth Factor-1 (IGF-1),ng/ml,numeric,,
12149,Insulin (Random),Insulin (Random),uIU/ml,Decimal,p2218,Insulin (Random),uIU/ml,numeric,,
12044,Intact parathyroid hormone (i PTH) (FASTING),Intact Parathyroid Hormone (IPTH) (Fasting),pg/mL,Decimal,p2219,Intact Parathyroid Hormone (IPTH) (Fasting),pg/mL,numeric,,
12151,IONIZED CALCIUM,Ionized Calcium,mmol/l,Decimal,p2220,Ionized Calcium,mmol/l,numeric,,
12251,Iron Studies  (Iron & TIBC),Iron,µg/dL,Decimal,p2221,Iron,µg/dL,numeric,,
12242,Serum Iron,Iron,µg/dL,Decimal,p2221,Iron,µg/dL,numeric,,
12284,Urine Complete Examination,Ketones,,Text,p2222,Ketones,,text,,
12213,Cardiac Enzymes,L.D.H.,U/L,Decimal,p2223,L.D.H.,U/L,numeric,,
12224,Serum LDH,L.D.H.,U/L,Decimal,p2223,L.D.H.,U/L,numeric,,
11984,L.D.H (CSF),L.D.H (CSF),,Decimal,p2224,L.D.H (CSF),,numeric,,
12153,LACTATE LEVEL (BLOOD),Lactate Level,mg/dl,Decimal,p2225,Lactate Level,mg/dl,numeric,,
12318,Lipid Profile,LDL Cholesterol,mg/dl,Decimal,p2226,LDL Cholesterol,mg/dl,numeric,,
12225,L.D.L (CHOLESTEROL),LDL Cholesterol,mg/dl,Decimal,p2226,LDL Cholesterol,mg/dl,numeric,,
12284,Urine Complete Examination,Leucocytes,,Text,p2227,Leucocytes,,text,,
12046,"LH , FSH , SERUM PROLACTIN",LH,mIU/ml,Text,p2228,LH,mIU/ml,text,,
12045,LH,LH,mIU/ml,Text,p2228,LH,mIU/ml,text,,
11985,LIPASE (FLUID),lipase (Fluid),U/L,Decimal,p2229,lipase (Fluid),U/L,numeric,,
12289,Semen Analysis,Liquification Time,Minutes,Integer,p2230,Liquification Time,Minutes,numeric,,
15,BLOOD C/E,"Lymphocyte, Absolute",*10^9/l,Decimal,p2231,"Lymphocyte, Absolute",*10^9/l,numeric,UNIT_MISMATCH,
5489,BLOOD C/E WITH ESR,"Lymphocyte, Absolute",*10^9/l,Decimal,p2231,"Lymphocyte, Absolute",*10^9/l,numeric,UNIT_MISMATCH,
5700,BLOOD C/E,"Lymphocyte, Absolute",*10^9/l,Decimal,p2231,"Lymphocyte, Absolute",*10^9/l,numeric,UNIT_MISMATCH,
10701,CBC with Peripheral Film,"Lymphocyte, Absolute",/mm3,Decimal,p2231,"Lymphocyte, Absolute",*10^9/l,numeric,UNIT_MISMATCH,
12280,Complete Blood Count- CBC,"Lymphocyte, Absolute",*10^9/l,Decimal,p2231,"Lymphocyte, Absolute",*10^9/l,numeric,UNIT_MISMATCH,
12343,Complete Blood Count- CBC with ESR,"Lymphocyte, Absolute",*10^9/l,Decimal,p2231,"Lymphocyte, Absolute",*10^9/l,numeric,UNIT_MISMATCH,
12344,Complete Blood Count- CBC with Blood Group,"Lymphocyte, Absolute",*10^9/l,Decimal,p2231,"Lymphocyte, Absolute",*10^9/l,numeric,UNIT_MISMATCH,
12346,Complete Blood Count- CBC,"Lymphocyte, Absolute",*10^9/l,Decimal,p2231,"Lymphocyte, Absolute",*10^9/l,numeric,UNIT_MISMATCH,
12347,Complete Blood Count- CBC with Peripheral smear,"Lymphocyte, Absolute",*10^9/l,Decimal,p2231,"Lymphocyte, Absolute",*10^9/l,numeric,UNIT_MISMATCH,
15,BLOOD C/E,Lymphocytes,%,Decimal,p2232,Lymphocytes,%,numeric,,
32,DLC,Lymphocytes,%,Decimal,p2232,Lymphocytes,%,numeric,,
42,HB. ELECTROPHORESIS,Lymphocytes,%,Decimal,p2232,Lymphocytes,%,numeric,,
54,PERIPHERAL BLOOD SMEARS,Lymphocytes,%,Decimal,p2232,Lymphocytes,%,numeric,,
5489,BLOOD C/E WITH ESR,Lymphocytes,%,Decimal,p2232,Lymphocytes,%,numeric,,
5599,DLC,Lymphocytes,%,Decimal,p2232,Lymphocytes,%,numeric,,
5700,BLOOD C/E,Lymphocytes,%,Decimal,p2232,Lymphocytes,%,numeric,,
10701,CBC with Peripheral Film,Lymphocytes,%,Decimal,p2232,Lymphocytes,%,numeric,,
11983,HB. ELECTROPHORESIS,Lymphocytes,%,Decimal,p2232,Lymphocytes,%,numeric,,
11986,Peripheral blood Film,Lymphocytes,%,Decimal,p2232,Lymphocytes,%,numeric,,
12280,Complete Blood Count- CBC,Lymphocytes,%,Decimal,p2232,Lymphocytes,%,numeric,,
12343,Complete Blood Count- CBC with ESR,Lymphocytes,%,Decimal,p2232,Lymphocytes,%,numeric,,
12344,Complete Blood Count- CBC with Blood Group,Lymphocytes,%,Decimal,p2232,Lymphocytes,%,numeric,,
12346,Complete Blood Count- CBC,Lymphocytes,%,Decimal,p2232,Lymphocytes,%,numeric,,
12347,Complete Blood Count- CBC with Peripheral smear,Lymphocytes,%,Decimal,p2232,Lymphocytes,%,numeric,,
11959,ABSOLUTE LYMPHOCYTE COUNT,Lymphocytes,%,Decimal,p2232,Lymphocytes,%,numeric,,
42,HB. ELECTROPHORESIS,Malarial Parasite (MP),,Text,p2233,Malarial Parasite (MP),,text,,
54,PERIPHERAL BLOOD SMEARS,Malarial Parasite (MP),,Text,p2233,Malarial Parasite (MP),,text,,
46,MALARIAL PARASITE (M.P.),Malarial Parasite (MP),,Text,p2233,Malarial Parasite (MP),,text,,
12303,Malarial Parasite (MP) ICT,Malarial Parasite PF,,List,p2234,Malarial Parasite PF,,coded,,
12303,Malarial Parasite (MP) ICT,Malarial Parasite PV,,List,p2235,Malarial Parasite PV,,coded,,
10552,Cross Match & Screening,Malaril Parasite (MP),-,List,p2236,Malaril Parasite (MP),-,coded,,
12299,CROSS MATCH with Screening,Malaril Parasite (MP),-,List,p2236,Malaril Parasite (MP),-,coded,,
15,BLOOD C/E,Mean Cell Hb Conc (MCHC),g/dl,Decimal,p2237,Mean Cell Hb Conc (MCHC),g/dl,numeric,,
42,HB. ELECTROPHORESIS,Mean Cell Hb Conc (MCHC),g/dl,Decimal,p2237,Mean Cell Hb Conc (MCHC),g/dl,numeric,,
5489,BLOOD C/E WITH ESR,Mean Cell Hb Conc (MCHC),g/dl,Decimal,p2237,Mean Cell Hb Conc (MCHC),g/dl,numeric,,
5700,BLOOD C/E,Mean Cell Hb Conc (MCHC),g/dl,Decimal,p2237,Mean Cell Hb Conc (MCHC),g/dl,numeric,,
10701,CBC with Peripheral Film,Mean Cell Hb Conc (MCHC),g/dl,Decimal,p2237,Mean Cell Hb Conc (MCHC),g/dl,numeric,,
11983,HB. ELECTROPHORESIS,Mean Cell Hb Conc (MCHC),g/dl,Decimal,p2237,Mean Cell Hb Conc (MCHC),g/dl,numeric,,
12280,Complete Blood Count- CBC,Mean Cell Hb Conc (MCHC),g/dl,Decimal,p2237,Mean Cell Hb Conc (MCHC),g/dl,numeric,,
12343,Complete Blood Count- CBC with ESR,Mean Cell Hb Conc (MCHC),g/dl,Decimal,p2237,Mean Cell Hb Conc (MCHC),g/dl,numeric,,
12344,Complete Blood Count- CBC with Blood Group,Mean Cell Hb Conc (MCHC),g/dl,Decimal,p2237,Mean Cell Hb Conc (MCHC),g/dl,numeric,,
12346,Complete Blood Count- CBC,Mean Cell Hb Conc (MCHC),g/dl,Decimal,p2237,Mean Cell Hb Conc (MCHC),g/dl,numeric,,
12347,Complete Blood Count- CBC with Peripheral smear,Mean Cell Hb Conc (MCHC),g/dl,Decimal,p2237,Mean Cell Hb Conc (MCHC),g/dl,numeric,,
12348,Hemoglobin (Hb) with RBC indices,Mean Cell Hb Conc (MCHC),g/dl,Decimal,p2237,Mean Cell Hb Conc (MCHC),g/dl,numeric,,
49,MCHC,Mean Cell Hb Conc (MCHC),g/dl,Decimal,p2237,Mean Cell Hb Conc (MCHC),g/dl,numeric,,
15,BLOOD C/E,Mean Cell Hemoglobin (MCH),pg,Decimal,p2238,Mean Cell Hemoglobin (MCH),pg,numeric,,
42,HB. ELECTROPHORESIS,Mean Cell Hemoglobin (MCH),pg,Decimal,p2238,Mean Cell Hemoglobin (MCH),pg,numeric,,
5489,BLOOD C/E WITH ESR,Mean Cell Hemoglobin (MCH),pg,Decimal,p2238,Mean Cell Hemoglobin (MCH),pg,numeric,,
5700,BLOOD C/E,Mean Cell Hemoglobin (MCH),pg,Decimal,p2238,Mean Cell Hemoglobin (MCH),pg,numeric,,
10701,CBC with Peripheral Film,Mean Cell Hemoglobin (MCH),pg,Decimal,p2238,Mean Cell Hemoglobin (MCH),pg,numeric,,
11983,HB. ELECTROPHORESIS,Mean Cell Hemoglobin (MCH),pg,Decimal,p2238,Mean Cell Hemoglobin (MCH),pg,numeric,,
12280,Complete Blood Count- CBC,Mean Cell Hemoglobin (MCH),pg,Decimal,p2238,Mean Cell Hemoglobin (MCH),pg,numeric,,
12343,Complete Blood Count- CBC with ESR,Mean Cell Hemoglobin (MCH),pg,Decimal,p2238,Mean Cell Hemoglobin (MCH),pg,numeric,,
12344,Complete Blood Count- CBC with Blood Group,Mean Cell Hemoglobin (MCH),pg,Decimal,p2238,Mean Cell Hemoglobin (MCH),pg,numeric,,
12346,Complete Blood Count- CBC,Mean Cell Hemoglobin (MCH),pg,Decimal,p2238,Mean Cell Hemoglobin (MCH),pg,numeric,,
12347,Complete Blood Count- CBC with Peripheral smear,Mean Cell Hemoglobin (MCH),pg,Decimal,p2238,Mean Cell Hemoglobin (MCH),pg,numeric,,
12348,Hemoglobin (Hb) with RBC indices,Mean Cell Hemoglobin (MCH),pg,Decimal,p2238,Mean Cell Hemoglobin (MCH),pg,numeric,,
48,MCH,Mean Cell Hemoglobin (MCH),pg,Decimal,p2238,Mean Cell Hemoglobin (MCH),pg,numeric,,
15,BLOOD C/E,Mean Cell Volume (MCV),fl,Decimal,p2239,Mean Cell Volume (MCV),fl,numeric,,
42,HB. ELECTROPHORESIS,Mean Cell Volume (MCV),fl,Decimal,p2239,Mean Cell Volume (MCV),fl,numeric,,
5489,BLOOD C/E WITH ESR,Mean Cell Volume (MCV),fl,Decimal,p2239,Mean Cell Volume (MCV),fl,numeric,,
5700,BLOOD C/E,Mean Cell Volume (MCV),fl,Decimal,p2239,Mean Cell Volume (MCV),fl,numeric,,
10701,CBC with Peripheral Film,Mean Cell Volume (MCV),fl,Decimal,p2239,Mean Cell Volume (MCV),fl,numeric,,
11983,HB. ELECTROPHORESIS,Mean Cell Volume (MCV),fl,Decimal,p2239,Mean Cell Volume (MCV),fl,numeric,,
12280,Complete Blood Count- CBC,Mean Cell Volume (MCV),fl,Decimal,p2239,Mean Cell Volume (MCV),fl,numeric,,
12343,Complete Blood Count- CBC with ESR,Mean Cell Volume (MCV),fl,Decimal,p2239,Mean Cell Volume (MCV),fl,numeric,,
12343,Complete Blood Count- CBC with ESR,Mean Cell Volume (MCV),fl,Decimal,p2239,Mean Cell Volume (MCV),fl,numeric,,
12344,Complete Blood Count- CBC with Blood Group,Mean Cell Volume (MCV),fl,Decimal,p2239,Mean Cell Volume (MCV),fl,numeric,,
12344,Complete Blood Count- CBC with Blood Group,Mean Cell Volume (MCV),fl,Decimal,p2239,Mean Cell Volume (MCV),fl,numeric,,
12346,Complete Blood Count- CBC,Mean Cell Volume (MCV),fl,Decimal,p2239,Mean Cell Volume (MCV),fl,numeric,,
12347,Complete Blood Count- CBC with Peripheral smear,Mean Cell Volume (MCV),fl,Decimal,p2239,Mean Cell Volume (MCV),fl,numeric,,
12348,Hemoglobin (Hb) with RBC indices,Mean Cell Volume (MCV),fl,Decimal,p2239,Mean Cell Volume (MCV),fl,numeric,,
50,MCV,Mean Cell Volume (MCV),fl,Decimal,p2239,Mean Cell Volume (MCV),fl,numeric,,
15,BLOOD C/E,Mean Platelet Volume (MPV),fL,Decimal,p2240,Mean Platelet Volume (MPV),fL,numeric,,
5489,BLOOD C/E WITH ESR,Mean Platelet Volume (MPV),fL,Decimal,p2240,Mean Platelet Volume (MPV),fL,numeric,,
5700,BLOOD C/E,Mean Platelet Volume (MPV),fL,Decimal,p2240,Mean Platelet Volume (MPV),fL,numeric,,
32,DLC,Metamyelocyctes,%,Decimal,p2241,Metamyelocyctes,%,numeric,,
42,HB. ELECTROPHORESIS,Metamyelocyctes,%,Decimal,p2241,Metamyelocyctes,%,numeric,,
5599,DLC,Metamyelocyctes,%,Decimal,p2241,Metamyelocyctes,%,numeric,,
11983,HB. ELECTROPHORESIS,Metamyelocyctes,%,Decimal,p2241,Metamyelocyctes,%,numeric,,
15,BLOOD C/E,Metamyelocytes,%,Decimal,p2242,Metamyelocytes,%,numeric,,
54,PERIPHERAL BLOOD SMEARS,Metamyelocytes,%,Decimal,p2242,Metamyelocytes,%,numeric,,
5489,BLOOD C/E WITH ESR,Metamyelocytes,%,Decimal,p2242,Metamyelocytes,%,numeric,,
5700,BLOOD C/E,Metamyelocytes,%,Decimal,p2242,Metamyelocytes,%,numeric,,
10701,CBC with Peripheral Film,Metamyelocytes,%,Decimal,p2242,Metamyelocytes,%,numeric,,
11986,Peripheral blood Film,Metamyelocytes,%,Decimal,p2242,Metamyelocytes,%,numeric,,
12155,Microalbuminuria (24 Hrs urine),Micro Albumin,mg/24 Hours,Decimal,p2243,Micro Albumin,mg/24 Hours,numeric,,
15,BLOOD C/E,"Monocyte, Absolute",*10^9/l,Formula,p2244,"Monocyte, Absolute",*10^9/l,numeric,UNIT_MISMATCH,TYPE_MISMATCH
5489,BLOOD C/E WITH ESR,"Monocyte, Absolute",*10^9/l,Formula,p2244,"Monocyte, Absolute",*10^9/l,numeric,UNIT_MISMATCH,TYPE_MISMATCH
5700,BLOOD C/E,"Monocyte, Absolute",*10^9/l,Formula,p2244,"Monocyte, Absolute",*10^9/l,numeric,UNIT_MISMATCH,TYPE_MISMATCH
10701,CBC with Peripheral Film,"Monocyte, Absolute",/mm3,Decimal,p2244,"Monocyte, Absolute",*10^9/l,numeric,UNIT_MISMATCH,TYPE_MISMATCH
12280,Complete Blood Count- CBC,"Monocyte, Absolute",*10^9/l,Formula,p2244,"Monocyte, Absolute",*10^9/l,numeric,UNIT_MISMATCH,TYPE_MISMATCH
12343,Complete Blood Count- CBC with ESR,"Monocyte, Absolute",*10^9/l,Formula,p2244,"Monocyte, Absolute",*10^9/l,numeric,UNIT_MISMATCH,TYPE_MISMATCH
12344,Complete Blood Count- CBC with Blood Group,"Monocyte, Absolute",*10^9/l,Formula,p2244,"Monocyte, Absolute",*10^9/l,numeric,UNIT_MISMATCH,TYPE_MISMATCH
12346,Complete Blood Count- CBC,"Monocyte, Absolute",*10^9/l,Formula,p2244,"Monocyte, Absolute",*10^9/l,numeric,UNIT_MISMATCH,TYPE_MISMATCH
12347,Complete Blood Count- CBC with Peripheral smear,"Monocyte, Absolute",*10^9/l,Formula,p2244,"Monocyte, Absolute",*10^9/l,numeric,UNIT_MISMATCH,TYPE_MISMATCH
15,BLOOD C/E,Monocytes,%,Decimal,p2245,Monocytes,%,numeric,,
32,DLC,Monocytes,%,Decimal,p2245,Monocytes,%,numeric,,
42,HB. ELECTROPHORESIS,Monocytes,%,Decimal,p2245,Monocytes,%,numeric,,
54,PERIPHERAL BLOOD SMEARS,Monocytes,%,Decimal,p2245,Monocytes,%,numeric,,
5489,BLOOD C/E WITH ESR,Monocytes,%,Decimal,p2245,Monocytes,%,numeric,,
5599,DLC,Monocytes,%,Decimal,p2245,Monocytes,%,numeric,,
5700,BLOOD C/E,Monocytes,%,Decimal,p2245,Monocytes,%,numeric,,
10701,CBC with Peripheral Film,Monocytes,%,Decimal,p2245,Monocytes,%,numeric,,
11983,HB. ELECTROPHORESIS,Monocytes,%,Decimal,p2245,Monocytes,%,numeric,,
11986,Peripheral blood Film,Monocytes,%,Decimal,p2245,Monocytes,%,numeric,,
12280,Complete Blood Count- CBC,Monocytes,%,Decimal,p2245,Monocytes,%,numeric,,
12343,Complete Blood Count- CBC with ESR,Monocytes,%,Decimal,p2245,Monocytes,%,numeric,,
12344,Complete Blood Count- CBC with Blood Group,Monocytes,%,Decimal,p2245,Monocytes,%,numeric,,
12346,Complete Blood Count- CBC,Monocytes,%,Decimal,p2245,Monocytes,%,numeric,,
12347,Complete Blood Count- CBC with Peripheral smear,Monocytes,%,Decimal,p2245,Monocytes,%,numeric,,
11960,ABSOLUTE MONOCYTE COUNT,Monocytes,%,Decimal,p2245,Monocytes,%,numeric,,
12000,MONOSPOT TEST,Monospot Test,,Decimal,p2246,Monospot Test,,numeric,,
12284,Urine Complete Examination,Mucous Threads,,List,p2247,Mucous Threads,,coded,,
12035,Stool Complete Examination,Mucus,,Text,p2248,Mucus,,text,,
12157,MYCODOT (IgG),MycoDot (IgG),-,Decimal,p2249,MycoDot (IgG),-,numeric,,
12158,MYCODOT (IgM),MycoDot (IgM),-,Decimal,p2250,MycoDot (IgM),-,numeric,,
32,DLC,Myelocyctes,%,Decimal,p2251,Myelocyctes,%,numeric,,
42,HB. ELECTROPHORESIS,Myelocyctes,%,Decimal,p2251,Myelocyctes,%,numeric,,
5599,DLC,Myelocyctes,%,Decimal,p2251,Myelocyctes,%,numeric,,
11983,HB. ELECTROPHORESIS,Myelocyctes,%,Decimal,p2251,Myelocyctes,%,numeric,,
15,BLOOD C/E,Myelocytes,%,Decimal,p2252,Myelocytes,%,numeric,,
54,PERIPHERAL BLOOD SMEARS,Myelocytes,%,Decimal,p2252,Myelocytes,%,numeric,,
5489,BLOOD C/E WITH ESR,Myelocytes,%,Decimal,p2252,Myelocytes,%,numeric,,
5700,BLOOD C/E,Myelocytes,%,Decimal,p2252,Myelocytes,%,numeric,,
10701,CBC with Peripheral Film,Myelocytes,%,Decimal,p2252,Myelocytes,%,numeric,,
11986,Peripheral blood Film,Myelocytes,%,Decimal,p2252,Myelocytes,%,numeric,,
15,BLOOD C/E,"Neutrophil, Absolute",*10^9/L,Formula,p2253,"Neutrophil, Absolute",*10^9/L,numeric,UNIT_MISMATCH,TYPE_MISMATCH
5489,BLOOD C/E WITH ESR,"Neutrophil, Absolute",*10^9/L,Formula,p2253,"Neutrophil, Absolute",*10^9/L,numeric,UNIT_MISMATCH,TYPE_MISMATCH
5700,BLOOD C/E,"Neutrophil, Absolute",*10^9/L,Formula,p2253,"Neutrophil, Absolute",*10^9/L,numeric,UNIT_MISMATCH,TYPE_MISMATCH
10701,CBC with Peripheral Film,"Neutrophil, Absolute",/mm3,Decimal,p2253,"Neutrophil, Absolute",*10^9/L,numeric,UNIT_MISMATCH,TYPE_MISMATCH
12280,Complete Blood Count- CBC,"Neutrophil, Absolute",*10^9/L,Formula,p2253,"Neutrophil, Absolute",*10^9/L,numeric,UNIT_MISMATCH,TYPE_MISMATCH
12343,Complete Blood Count- CBC with ESR,"Neutrophil, Absolute",*10^9/L,Formula,p2253,"Neutrophil, Absolute",*10^9/L,numeric,UNIT_MISMATCH,TYPE_MISMATCH
12344,Complete Blood Count- CBC with Blood Group,"Neutrophil, Absolute",*10^9/L,Formula,p2253,"Neutrophil, Absolute",*10^9/L,numeric,UNIT_MISMATCH,TYPE_MISMATCH
12346,Complete Blood Count- CBC,"Neutrophil, Absolute",*10^9/L,Formula,p2253,"Neutrophil, Absolute",*10^9/L,numeric,UNIT_MISMATCH,TYPE_MISMATCH
12347,Complete Blood Count- CBC with Peripheral smear,"Neutrophil, Absolute",*10^9/L,Formula,p2253,"Neutrophil, Absolute",*10^9/L,numeric,UNIT_MISMATCH,TYPE_MISMATCH
11961,ABSOLUTE NEUTROPHILE COUNT,"Neutrophil, Absolute",*10^9/L,Formula,p2253,"Neutrophil, Absolute",*10^9/L,numeric,UNIT_MISMATCH,TYPE_MISMATCH
15,BLOOD C/E,Neutrophils,%,Decimal,p2254,Neutrophils,%,numeric,,
32,DLC,Neutrophils,%,Decimal,p2254,Neutrophils,%,numeric,,
42,HB. ELECTROPHORESIS,Neutrophils,%,Decimal,p2254,Neutrophils,%,numeric,,
54,PERIPHERAL BLOOD SMEARS,Neutrophils,%,Decimal,p2254,Neutrophils,%,numeric,,
5489,BLOOD C/E WITH ESR,Neutrophils,%,Decimal,p2254,Neutrophils,%,numeric,,
5599,DLC,Neutrophils,%,Decimal,p2254,Neutrophils,%,numeric,,
5700,BLOOD C/E,Neutrophils,%,Decimal,p2254,Neutrophils,%,numeric,,
10701,CBC with Peripheral Film,Neutrophils,%,Decimal,p2254,Neutrophils,%,numeric,,
11983,HB. ELECTROPHORESIS,Neutrophils,%,Decimal,p2254,Neutrophils,%,numeric,,
11986,Peripheral blood Film,Neutrophils,%,Decimal,p2254,Neutrophils,%,numeric,,
12280,Complete Blood Count- CBC,Neutrophils,%,Decimal,p2254,Neutrophils,%,numeric,,
12343,Complete Blood Count- CBC with ESR,Neutrophils,%,Decimal,p2254,Neutrophils,%,numeric,,
12344,Complete Blood Count- CBC with Blood Group,Neutrophils,%,Decimal,p2254,Neutrophils,%,numeric,,
12346,Complete Blood Count- CBC,Neutrophils,%,Decimal,p2254,Neutrophils,%,numeric,,
12347,Complete Blood Count- CBC with Peripheral smear,Neutrophils,%,Decimal,p2254,Neutrophils,%,numeric,,
12284,Urine Complete Examination,Nitrate,,Text,p2255,Nitrate,,text,,
15,BLOOD C/E,Nucleated RBCs,/100 WBC's,Decimal,p2256,Nucleated RBCs,/100 WBC's,numeric,,
32,DLC,Nucleated RBCs,/100 WBC's,Decimal,p2256,Nucleated RBCs,/100 WBC's,numeric,,
42,HB. ELECTROPHORESIS,Nucleated RBCs,/100 WBC's,Decimal,p2256,Nucleated RBCs,/100 WBC's,numeric,,
54,PERIPHERAL BLOOD SMEARS,Nucleated RBCs,/100 WBC's,Decimal,p2256,Nucleated RBCs,/100 WBC's,numeric,,
5489,BLOOD C/E WITH ESR,Nucleated RBCs,/100 WBC's,Decimal,p2256,Nucleated RBCs,/100 WBC's,numeric,,
5599,DLC,Nucleated RBCs,/100 WBC's,Decimal,p2256,Nucleated RBCs,/100 WBC's,numeric,,
5700,BLOOD C/E,Nucleated RBCs,/100 WBC's,Decimal,p2256,Nucleated RBCs,/100 WBC's,numeric,,
10701,CBC with Peripheral Film,Nucleated RBCs,/100 WBC's,Decimal,p2256,Nucleated RBCs,/100 WBC's,numeric,,
11983,HB. ELECTROPHORESIS,Nucleated RBCs,/100 WBC's,Decimal,p2256,Nucleated RBCs,/100 WBC's,numeric,,
11986,Peripheral blood Film,Nucleated RBCs,/100 WBC's,Decimal,p2256,Nucleated RBCs,/100 WBC's,numeric,,
12346,Complete Blood Count- CBC,Nucleated RBCs,/100 WBC's,Decimal,p2256,Nucleated RBCs,/100 WBC's,numeric,,
12035,Stool Complete Examination,Occult Blood,,Text,p2257,Occult Blood,,text,,
12159,Serum Osmolality,Osmolaliyt (Blood),mosmol/kg,Decimal,p2258,Osmolaliyt (Blood),mosmol/kg,numeric,,
12035,Stool Complete Examination,Ova,,Text,p2259,Ova,,text,,
15,BLOOD C/E,P-LCC,*10^9/l,Decimal,p2260,P-LCC,*10^9/l,numeric,,
5489,BLOOD C/E WITH ESR,P-LCC,*10^9/l,Decimal,p2260,P-LCC,*10^9/l,numeric,,
5700,BLOOD C/E,P-LCC,*10^9/l,Decimal,p2260,P-LCC,*10^9/l,numeric,,
15,BLOOD C/E,P-LCR,-,Decimal,p2261,P-LCR,-,numeric,,
5489,BLOOD C/E WITH ESR,P-LCR,-,Decimal,p2261,P-LCR,-,numeric,,
5700,BLOOD C/E,P-LCR,-,Decimal,p2261,P-LCR,-,numeric,,
12035,Stool Complete Examination,Parasite,,Text,p2262,Parasite,,text,,
10552,Cross Match & Screening,Patient Blood Group,-,List,p2263,Patient Blood Group,-,coded,,
12299,CROSS MATCH with Screening,Patient Blood Group,-,List,p2263,Patient Blood Group,-,coded,,
12091,ANTI HBs,Patient's Value,U/ml,Decimal,p2264,Patient's Value,U/ml,numeric,,
92,STOOL REDUCING SUBSTANCE,PH,,List,p2265,PH,,coded,,
12284,Urine Complete Examination,PH,,List,p2265,PH,,coded,,
12289,Semen Analysis,PH,,List,p2265,PH,,coded,,
12228,PHOSPHATE,Phosphate (Serum),mg/dl,Decimal,p2266,Phosphate (Serum),mg/dl,numeric,,
11987,PHOSPHATE (SPOT URINE),Phosphate Spot Urine,mg/24 Hours,Decimal,p2267,Phosphate Spot Urine,mg/24 Hours,numeric,,
12029,PIVKA-II,PIVKA-II,mAU/mL,Text,p2268,PIVKA-II,mAU/mL,text,,
15,BLOOD C/E,Platelet Distribution Width (PDW),-,Decimal,p2269,Platelet Distribution Width (PDW),-,numeric,,
5489,BLOOD C/E WITH ESR,Platelet Distribution Width (PDW),-,Decimal,p2269,Platelet Distribution Width (PDW),-,numeric,,
5700,BLOOD C/E,Platelet Distribution Width (PDW),-,Decimal,p2269,Platelet Distribution Width (PDW),-,numeric,,
15,BLOOD C/E,Plateletcrit (PCT),mL/L,Decimal,p2270,Plateletcrit (PCT),mL/L,numeric,,
5489,BLOOD C/E WITH ESR,Plateletcrit (PCT),mL/L,Decimal,p2270,Plateletcrit (PCT),mL/L,numeric,,
5700,BLOOD C/E,Plateletcrit (PCT),mL/L,Decimal,p2270,Plateletcrit (PCT),mL/L,numeric,,
15,BLOOD C/E,Platelets Count,*10^9/l,Decimal,p2271,Platelets Count,*10^9/l,numeric,,
32,DLC,Platelets Count,*10^9/l,Decimal,p2271,Platelets Count,*10^9/l,numeric,,
42,HB. ELECTROPHORESIS,Platelets Count,*10^9/l,Decimal,p2271,Platelets Count,*10^9/l,numeric,,
5489,BLOOD C/E WITH ESR,Platelets Count,*10^9/l,Decimal,p2271,Platelets Count,*10^9/l,numeric,,
5599,DLC,Platelets Count,*10^9/l,Decimal,p2271,Platelets Count,*10^9/l,numeric,,
5700,BLOOD C/E,Platelets Count,*10^9/l,Decimal,p2271,Platelets Count,*10^9/l,numeric,,
10701,CBC with Peripheral Film,Platelets Count,*10^9/l,Decimal,p2271,Platelets Count,*10^9/l,numeric,,
11983,HB. ELECTROPHORESIS,Platelets Count,*10^9/l,Decimal,p2271,Platelets Count,*10^9/l,numeric,,
12280,Complete Blood Count- CBC,Platelets Count,*10^9/l,Decimal,p2271,Platelets Count,*10^9/l,numeric,,
12306,CBC For Dengue,Platelets Count,*10^9/l,Decimal,p2271,Platelets Count,*10^9/l,numeric,,
12343,Complete Blood Count- CBC with ESR,Platelets Count,*10^9/l,Decimal,p2271,Platelets Count,*10^9/l,numeric,,
12344,Complete Blood Count- CBC with Blood Group,Platelets Count,*10^9/l,Decimal,p2271,Platelets Count,*10^9/l,numeric,,
12346,Complete Blood Count- CBC,Platelets Count,*10^9/l,Decimal,p2271,Platelets Count,*10^9/l,numeric,,
12347,Complete Blood Count- CBC with Peripheral smear,Platelets Count,*10^9/l,Decimal,p2271,Platelets Count,*10^9/l,numeric,,
59,PLATELET COUNT,Platelets Count,*10^9/l,Decimal,p2271,Platelets Count,*10^9/l,numeric,,
5699,PLATELET COUNT,Platelets Count,*10^9/l,Decimal,p2271,Platelets Count,*10^9/l,numeric,,
11988,Platelets Count,Platelets Count,*10^9/l,Decimal,p2271,Platelets Count,*10^9/l,numeric,,
12161,ProBNP (N-t) II,ProBNP (N-t) II,pg/ml,Decimal,p2272,ProBNP (N-t) II,pg/ml,numeric,,
12162,Procalcitonin (PCT),Procalcitonin (PCT),ng/mL,Decimal,p2273,Procalcitonin (PCT),ng/mL,numeric,,
12163,Progesterone Level,Progesterone Level,nmol/l,Decimal,p2274,Progesterone Level,nmol/l,numeric,,
12046,"LH , FSH , SERUM PROLACTIN",Prolactin,ng/ml,Decimal,p2275,Prolactin,ng/ml,numeric,,
12048,Serum Prolactin,Prolactin,ng/ml,Decimal,p2275,Prolactin,ng/ml,numeric,,
15,BLOOD C/E,Promeyelocyctes,%,Decimal,p2276,Promeyelocyctes,%,numeric,,
32,DLC,Promeyelocyctes,%,Decimal,p2276,Promeyelocyctes,%,numeric,,
42,HB. ELECTROPHORESIS,Promeyelocyctes,%,Decimal,p2276,Promeyelocyctes,%,numeric,,
54,PERIPHERAL BLOOD SMEARS,Promeyelocyctes,%,Decimal,p2276,Promeyelocyctes,%,numeric,,
5489,BLOOD C/E WITH ESR,Promeyelocyctes,%,Decimal,p2276,Promeyelocyctes,%,numeric,,
5599,DLC,Promeyelocyctes,%,Decimal,p2276,Promeyelocyctes,%,numeric,,
5700,BLOOD C/E,Promeyelocyctes,%,Decimal,p2276,Promeyelocyctes,%,numeric,,
11983,HB. ELECTROPHORESIS,Promeyelocyctes,%,Decimal,p2276,Promeyelocyctes,%,numeric,,
11986,Peripheral blood Film,Promeyelocyctes,%,Decimal,p2276,Promeyelocyctes,%,numeric,,
10701,CBC with Peripheral Film,Promyelocytes,%,Decimal,p2277,Promyelocytes,%,numeric,,
12284,Urine Complete Examination,Protein,,Text,p2278,Protein,,text,,
12231,Urine Protein/ Creatinine Ratio (Spot),Protein / Creatinine Ratio (Spot Urine),,Decimal,p2279,Protein / Creatinine Ratio (Spot Urine),,numeric,,
12231,Urine Protein/ Creatinine Ratio (Spot),Protein (Spot Urine),mg/dl,Decimal,p2280,Protein (Spot Urine),mg/dl,numeric,,
11964,AMYLASE (FLUID),Protein (Spot Urine),mg/dl,Decimal,p2280,Protein (Spot Urine),mg/dl,numeric,,
298,P.S.A. Total,PSA (Prostate Specific Antigen) Total,ng/ml,Text,p2281,PSA (Prostate Specific Antigen) Total,ng/ml,text,,
12160,Total PSA,PSA (Prostate Specific Antigen) Total,ng/ml,Text,p2281,PSA (Prostate Specific Antigen) Total,ng/ml,text,,
60,PROTHROMBIN TIME (PT with INR),PT,sec.,Decimal,p2282,PT,Seconds,text,UNIT_MISMATCH,TYPE_MISMATCH
5701,PROTHROMBIN TIME (PT with INR),PT,sec.,Decimal,p2282,PT,Seconds,text,UNIT_MISMATCH,TYPE_MISMATCH
12282,PROTHROMBIN TIME (PT with INR),PT,Seconds,Text,p2282,PT,Seconds,text,UNIT_MISMATCH,TYPE_MISMATCH
12309,Prothrombin Time (PT with INR),PT,Seconds,Text,p2282,PT,Seconds,text,UNIT_MISMATCH,TYPE_MISMATCH
12322,"PT, APTT, INR",PT,Seconds,Text,p2282,PT,Seconds,text,UNIT_MISMATCH,TYPE_MISMATCH
12282,PROTHROMBIN TIME (PT with INR),PT Control,Seconds,Decimal,p2283,PT Control,Seconds,numeric,,
12309,Prothrombin Time (PT with INR),PT Control,Seconds,Decimal,p2283,PT Control,Seconds,numeric,,
12322,"PT, APTT, INR",PT Control,Seconds,Decimal,p2283,PT Control,Seconds,numeric,,
12047,PTH (FASTING),PTH,pg/mL,Decimal,p2284,PTH,pg/mL,numeric,,
12284,Urine Complete Examination,Pus Cells,,Text,p2285,Pus Cells,,text,,
12289,Semen Analysis,Pus Cells,,Text,p2285,Pus Cells,,text,,
12035,Stool Complete Examination,Pus Cells/WBC,,Text,p2286,Pus Cells/WBC,,text,,
12166,QuantiFeron-TB Gold Test,QuantiFeron-TB Gold Test,IU/ml,Decimal,p2287,QuantiFeron-TB Gold Test,IU/ml,numeric,,
12001,R.A FACTOR IgG,R.A Factor IgG,IU/ml,Decimal,p2288,R.A Factor IgG,IU/ml,numeric,,
12002,R.A FACTOR IgM,R.A Factor IgM,IU/ml,Decimal,p2289,R.A Factor IgM,IU/ml,numeric,,
12030,R.A FACTOR (QUANTITATIVE),R.A. Factor (Quantitative),IU/mL,Text,p2290,R.A. Factor (Quantitative),IU/mL,text,,
12382,RA Factor,RA Factor,IU/ml,Decimal,p2291,RA Factor,IU/ml,numeric,,
12035,Stool Complete Examination,RBC,,Text,p2292,RBC,,text,,
15,BLOOD C/E,Red Blood Cell (RBC),*10^12/l,Decimal,p2293,Red Blood Cell (RBC),*10^12/l,numeric,,
42,HB. ELECTROPHORESIS,Red Blood Cell (RBC),*10^12/l,Decimal,p2293,Red Blood Cell (RBC),*10^12/l,numeric,,
5489,BLOOD C/E WITH ESR,Red Blood Cell (RBC),*10^12/l,Decimal,p2293,Red Blood Cell (RBC),*10^12/l,numeric,,
5700,BLOOD C/E,Red Blood Cell (RBC),*10^12/l,Decimal,p2293,Red Blood Cell (RBC),*10^12/l,numeric,,
10701,CBC with Peripheral Film,Red Blood Cell (RBC),*10^12/l,Decimal,p2293,Red Blood Cell (RBC),*10^12/l,numeric,,
11983,HB. ELECTROPHORESIS,Red Blood Cell (RBC),*10^12/l,Decimal,p2293,Red Blood Cell (RBC),*10^12/l,numeric,,
12280,Complete Blood Count- CBC,Red Blood Cell (RBC),*10^12/l,Decimal,p2293,Red Blood Cell (RBC),*10^12/l,numeric,,
12306,CBC For Dengue,Red Blood Cell (RBC),*10^12/l,Decimal,p2293,Red Blood Cell (RBC),*10^12/l,numeric,,
12343,Complete Blood Count- CBC with ESR,Red Blood Cell (RBC),*10^12/l,Decimal,p2293,Red Blood Cell (RBC),*10^12/l,numeric,,
12344,Complete Blood Count- CBC with Blood Group,Red Blood Cell (RBC),*10^12/l,Decimal,p2293,Red Blood Cell (RBC),*10^12/l,numeric,,
12346,Complete Blood Count- CBC,Red Blood Cell (RBC),*10^12/l,Decimal,p2293,Red Blood Cell (RBC),*10^12/l,numeric,,
12347,Complete Blood Count- CBC with Peripheral smear,Red Blood Cell (RBC),*10^12/l,Decimal,p2293,Red Blood Cell (RBC),*10^12/l,numeric,,
12348,Hemoglobin (Hb) with RBC indices,Red Blood Cell (RBC),*10^12/l,Decimal,p2293,Red Blood Cell (RBC),*10^12/l,numeric,,
66,TOTAL RBC,Red Blood Cell (RBC),*10^12/l,Decimal,p2293,Red Blood Cell (RBC),*10^12/l,numeric,,
12284,Urine Complete Examination,Red Blood Cells,,Text,p2294,Red Blood Cells,,text,,
12289,Semen Analysis,Red Blood Cells,,Text,p2294,Red Blood Cells,,text,,
15,BLOOD C/E,Red Cell Dist. Width (RDW-CV),%,Decimal,p2295,Red Cell Dist. Width (RDW-CV),%,numeric,,
5489,BLOOD C/E WITH ESR,Red Cell Dist. Width (RDW-CV),%,Decimal,p2295,Red Cell Dist. Width (RDW-CV),%,numeric,,
5700,BLOOD C/E,Red Cell Dist. Width (RDW-CV),%,Decimal,p2295,Red Cell Dist. Width (RDW-CV),%,numeric,,
10701,CBC with Peripheral Film,Red Cell Dist. Width (RDW-CV),%,Decimal,p2295,Red Cell Dist. Width (RDW-CV),%,numeric,,
12280,Complete Blood Count- CBC,Red Cell Dist. Width (RDW-CV),%,Decimal,p2295,Red Cell Dist. Width (RDW-CV),%,numeric,,
12343,Complete Blood Count- CBC with ESR,Red Cell Dist. Width (RDW-CV),%,Decimal,p2295,Red Cell Dist. Width (RDW-CV),%,numeric,,
12344,Complete Blood Count- CBC with Blood Group,Red Cell Dist. Width (RDW-CV),%,Decimal,p2295,Red Cell Dist. Width (RDW-CV),%,numeric,,
12346,Complete Blood Count- CBC,Red Cell Dist. Width (RDW-CV),%,Decimal,p2295,Red Cell Dist. Width (RDW-CV),%,numeric,,
12347,Complete Blood Count- CBC with Peripheral smear,Red Cell Dist. Width (RDW-CV),%,Decimal,p2295,Red Cell Dist. Width (RDW-CV),%,numeric,,
12348,Hemoglobin (Hb) with RBC indices,Red Cell Dist. Width (RDW-CV),%,Decimal,p2295,Red Cell Dist. Width (RDW-CV),%,numeric,,
15,BLOOD C/E,Red Cell Dist. Width (RDW-SD),fl,Decimal,p2296,Red Cell Dist. Width (RDW-SD),fl,numeric,,
5489,BLOOD C/E WITH ESR,Red Cell Dist. Width (RDW-SD),fl,Decimal,p2296,Red Cell Dist. Width (RDW-SD),fl,numeric,,
5700,BLOOD C/E,Red Cell Dist. Width (RDW-SD),fl,Decimal,p2296,Red Cell Dist. Width (RDW-SD),fl,numeric,,
11989,RED CELL FOLIC ACID,Red Cell Folate,nmol/l,Decimal,p2297,Red Cell Folate,nmol/l,numeric,,
12288,Typhidot,Remarks,,Text,p2298,Remarks,,text,,
11990,Reticulocyte Count,Reticulocyte Count,%,Decimal,p2299,Reticulocyte Count,%,numeric,,
62,RETICULOCYTES,Reticulocyte Count,%,Decimal,p2299,Reticulocyte Count,%,numeric,,
5705,RETICULOCYTES,Reticulocyte Count,%,Decimal,p2299,Reticulocyte Count,%,numeric,,
11990,Reticulocyte Count,Reticulocyte Index,,Decimal,p2300,Reticulocyte Index,,numeric,,
12003,Rh. Antibodies Titer,Rh Antibody Titer,,Text,p2301,Rh Antibody Titer,,text,,
349,BLOOD GROUP & Rh FACTOR,RH Factor,,List,p2302,RH Factor,,coded,,
12292,Blood Group,RH Factor,,List,p2302,RH Factor,,coded,,
12293,Rheumatoid Factor (Quantitative),Rheumatoid Factor (Rh),iu/ml,Decimal,p2303,Rheumatoid Factor (Rh),iu/ml,numeric,,
10552,Cross Match & Screening,RPR (VDRL),-,List,p2304,RPR (VDRL),-,coded,,
12299,CROSS MATCH with Screening,RPR (VDRL),-,List,p2304,RPR (VDRL),-,coded,,
12167,RUBELLA ANTIBODIES (IgG),Rubella IgG,IU/mL,Decimal,p2305,Rubella IgG,IU/mL,numeric,,
12168,RUBELLA ANTIBODIES (IgM),Rubella IgM,IU/ml,Decimal,p2306,Rubella IgM,IU/ml,numeric,,
12235,S.G.O.T (A.S.T),S.G.O.T (A.S.T),U/L,Decimal,p2307,S.G.O.T (A.S.T),U/L,numeric,,
10552,Cross Match & Screening,Saline Phase at 37 C,-,Text,p2308,Saline Phase at 37 C,-,text,,
12287,WIDAL TEST,"salmonella Para Typhi ""A""",Ratio,Text,p2309,"salmonella Para Typhi ""A""",Ratio,text,,
12004,Salmonella Typhi Antigen (Serum),Salmonella Para Typhi Antigen (Serum),,Text,p2310,Salmonella Para Typhi Antigen (Serum),,text,,
12287,WIDAL TEST,"salmonella Para Typhi ""B""",Ratio,Text,p2311,"salmonella Para Typhi ""B""",Ratio,text,,
12004,Salmonella Typhi Antigen (Serum),Salmonella Typhi Antigen (Serum),,Text,p2312,Salmonella Typhi Antigen (Serum),,text,,
12287,WIDAL TEST,"Salmonella Typhi ""H""",Ratio,List,p2313,"Salmonella Typhi ""H""",Ratio,coded,,
12287,WIDAL TEST,"Salmonella Typhi ""O""",Ratio,List,p2314,"Salmonella Typhi ""O""",Ratio,coded,,
12200,Bicarbonate (HCO-3),Serum Bicarbonate,mmol/L,Decimal,p2315,Serum Bicarbonate,mmol/L,numeric,,
12212,Serum Calcium,SERUM CALCIUM,mg/dl,Text,p2316,SERUM CALCIUM,mg/dl,text,,
12240,Serum Electrolyte,Serum Chloride,mmol/L,Decimal,p2317,Serum Chloride,mmol/L,numeric,,
12237,SERUM CHLORIDE,Serum Chloride,mmol/L,Decimal,p2317,Serum Chloride,mmol/L,numeric,,
12318,Lipid Profile,Serum Cholesterol,mg/dl,Decimal,p2318,Serum Cholesterol,mg/dl,numeric,,
12238,Serum Cholesterol,Serum Cholesterol,mg/dl,Decimal,p2318,Serum Cholesterol,mg/dl,numeric,,
12025,Creatinine Clearance (24 Hrs Urine & Serum),Serum Creatinine,mg/dl,Decimal,p2319,Serum Creatinine,mg/dl,numeric,,
12169,Serum Ferritin,Serum Ferritin,ng/ml,Decimal,p2320,Serum Ferritin,ng/ml,numeric,,
12190,A/G RATIO,SERUM GLOBULIN,mg/dl,Text,p2321,SERUM GLOBULIN,mg/dl,text,,
12170,Serum Insulin Level (FASTING),Serum Insulin Level (Fasting),uIU/ml,Decimal,p2322,Serum Insulin Level (Fasting),uIU/ml,numeric,,
12243,Serum Lipase,Serum Lipase,U/l,Decimal,p2323,Serum Lipase,U/l,numeric,,
12171,SERUM LITHIUM,Serum Lithium,mmol/l,Decimal,p2324,Serum Lithium,mmol/l,numeric,,
12244,Magnesium (Mg),Serum Magnesium,mg/dl,Decimal,p2325,Serum Magnesium,mg/dl,numeric,,
12265,RENAL STONE ANALYSIS,Serum Phosphorus,mg/dl,Decimal,p2326,Serum Phosphorus,mg/dl,numeric,,
12312,Phosphorous PO4,Serum Phosphorus,mg/dl,Decimal,p2326,Serum Phosphorus,mg/dl,numeric,,
12240,Serum Electrolyte,Serum Potassium,mmol/L,Text,p2327,Serum Potassium,mmol/L,text,,
12245,Potassium (K+),Serum Potassium,mmol/L,Text,p2327,Serum Potassium,mmol/L,text,,
12240,Serum Electrolyte,Serum Sodium,mmol/L,Decimal,p2328,Serum Sodium,mmol/L,numeric,,
12246,Sodium (Na+),Serum Sodium,mmol/L,Decimal,p2328,Serum Sodium,mmol/L,numeric,,
12213,Cardiac Enzymes,SGOT (AST),U/l,Decimal,p2329,SGOT (AST),U/l,numeric,,
12316,AST (SGOT),SGOT (AST),U/l,Decimal,p2329,SGOT (AST),U/l,numeric,,
12236,S.G.P.T (A.L.T),SGPT (ALT),U/L,Text,p2330,SGPT (ALT),U/L,text,,
12315,ALT(SGPT),SGPT (ALT),U/L,Text,p2330,SGPT (ALT),U/L,text,,
12289,Semen Analysis,Sluggish Motile Sperm,%,Text,p2331,Sluggish Motile Sperm,%,text,,
12284,Urine Complete Examination,Specific Gravity,,Text,p2332,Specific Gravity,,text,,
12289,Semen Analysis,Sperm Concentration,million/ml,Text,p2333,Sperm Concentration,million/ml,text,,
12031,Stool for Calprotectin,Stool for Calprotectin,ug/g,Decimal,p2334,Stool for Calprotectin,ug/g,numeric,,
12032,Stool for H. Pylori Antigen,STOOL FOR H.PYLORI ANTIGEN,,Text,p2335,STOOL FOR H.PYLORI ANTIGEN,,text,,
12036,Stool for Occult Blood,Stool for Occult Blood,,List,p2336,Stool for Occult Blood,,coded,,
12251,Iron Studies  (Iron & TIBC),T.I.B.C.,µg/dL,Decimal,p2337,T.I.B.C.,µg/dL,numeric,,
12249,T.I.B.C,T.I.B.C.,µg/dL,Decimal,p2337,T.I.B.C.,µg/dL,numeric,,
12052,Thyroid Profile (TFT),T3,nmol/l,Text,p2338,T3,nmol/l,text,,
12049,Total T3,T3,nmol/l,Text,p2338,T3,nmol/l,text,,
12052,Thyroid Profile (TFT),T4,nmol/L,Text,p2339,T4,nmol/L,text,,
12050,Total T4,T4,nmol/L,Text,p2339,T4,nmol/L,text,,
12289,Semen Analysis,Tail Defects,%,Text,p2340,Tail Defects,%,text,,
12294,TB (Screening) IgM & IgG,TB (Screening) IgG,,List,p2341,TB (Screening) IgG,,coded,,
12294,TB (Screening) IgM & IgG,TB (Screening) IgM,,List,p2342,TB (Screening) IgM,,coded,,
12051,Serum Testosterone,Testosterone,ng/dL,Decimal,p2343,Testosterone,ng/dL,numeric,,
14372,TIBC,TIBC,ug/dL,Text,p2344,TIBC,ug/dL,text,,
11962,ABSOLUTE VALUES/CELL COUNT,Total Cell Count,/cu.mm,Decimal,p2345,Total Cell Count,/cu.mm,numeric,,
65,TOTAL LIPIDS,Total Lipids,mg/dl,Decimal,p2346,Total Lipids,mg/dl,numeric,,
5647,TOTAL LIPIDS,Total Lipids,mg/dl,Decimal,p2346,Total Lipids,mg/dl,numeric,,
12172,SERUM PROTEIN ELECTROPHORESIS,Total Protein,g/dL,Decimal,p2347,Total Protein,g/dL,numeric,,
12190,A/G RATIO,Total Protein,g/dl,Decimal,p2347,Total Protein,g/dL,numeric,,
12250,Total Protein,Total Protein,g/dL,Decimal,p2347,Total Protein,g/dL,numeric,,
11977,CREATININE (24 hrs urine),Total Volume,ml,Decimal,p2348,Total Volume,ml,numeric,,
12025,Creatinine Clearance (24 Hrs Urine & Serum),Total Volume,ml,Decimal,p2348,Total Volume,ml,numeric,,
12113,COPPER (24 HRS URINE),Total Volume,ml,Decimal,p2348,Total Volume,ml,numeric,,
12115,CORTISOL (URINE 24 HRS),Total Volume,ml,Decimal,p2348,Total Volume,ml,numeric,,
12155,Microalbuminuria (24 Hrs urine),Total Volume,ml,Decimal,p2348,Total Volume,ml,numeric,,
12191,24 Hours Urine Protein,Total Volume,ml,Decimal,p2348,Total Volume,ml,numeric,,
12177,TPHA (Syphilis),TPHA (Syphilis),,Decimal,p2349,TPHA (Syphilis),,numeric,,
12318,Lipid Profile,Triglycerides,mg/dl,Decimal,p2350,Triglycerides,mg/dl,numeric,,
12247,Serum Triglycerides,Triglycerides,mg/dl,Decimal,p2350,Triglycerides,mg/dl,numeric,,
12300,Troponin-I,Troponin-I,ng/ml,Text,p2351,Troponin-I,ng/ml,text,,
12179,Troponin-T,Troponin-T,-,Text,p2352,Troponin-T,-,text,,
12052,Thyroid Profile (TFT),TSH,µIU/mL,Text,p2353,TSH,µIU/mL,text,,
12053,TSH,TSH,µIU/mL,Text,p2353,TSH,µIU/mL,text,,
12288,Typhidot,Typhidot igG,,Text,p2354,Typhidot igG,,text,,
12288,Typhidot,Typhidot igM,,Text,p2355,Typhidot igM,,text,,
12205,Blood Urea,Urea,mg/dl,Decimal,p2356,Urea,mg/dl,numeric,,
12206,Blood Urea Nitrogen (BUN),Urea,mg/dl,Decimal,p2356,Urea,mg/dl,numeric,,
12234,RFT (RENAL FUNCTION TEST),Urea,mg/dl,Decimal,p2356,Urea,mg/dl,numeric,,
12234,RFT (RENAL FUNCTION TEST),Uric Acid,mg/dl,Decimal,p2357,Uric Acid,mg/dl,numeric,,
12248,Uric Acid,Uric Acid,mg/dl,Decimal,p2357,Uric Acid,mg/dl,numeric,,
12181,URIC ACID CREATININE RATIO,Uric Acid Creatinine Ratio,RATIO,Decimal,p2358,Uric Acid Creatinine Ratio,RATIO,numeric,,
12025,Creatinine Clearance (24 Hrs Urine & Serum),Urine Creatinine,mg/dl,Decimal,p2359,Urine Creatinine,mg/dl,numeric,,
12182,Urine for Microalbuminuria (Spot),Urine for Microalbuminuria (Spot),mg/L,Decimal,p2360,Urine for Microalbuminuria (Spot),mg/L,numeric,,
12291,Urine for Pregnancy (UPT),Urine for Pregnancy,,List,p2361,Urine for Pregnancy,,coded,,
12037,Urine for Ketones,Urine Ketones,,List,p2362,Urine Ketones,,coded,,
12191,24 Hours Urine Protein,Urine Protein,mg/24 Hours,Decimal,p2363,Urine Protein,mg/24 Hours,numeric,,
12230,Urine Protein (Spot) Qualitative,Urine Protein (Spot) Qualitative,,List,p2364,Urine Protein (Spot) Qualitative,,coded,,
12284,Urine Complete Examination,Urobilirubin,umol/L,List,p2365,Urobilirubin,umol/L,coded,,
12290,V.D.R.L ICT SCREENING,V.D.R.L ( Syphilis ) ICT,,List,p2366,V.D.R.L ( Syphilis ) ICT,,coded,,
12318,Lipid Profile,V.L.D.L,mg/dl,Decimal,p2367,V.L.D.L,mg/dl,numeric,,
71,V.L.D.L,V.L.D.L,mg/dl,Decimal,p2367,V.L.D.L,mg/dl,numeric,,
11991,V.L.D.L,V.L.D.L,mg/dl,Decimal,p2367,V.L.D.L,mg/dl,numeric,,
14295,VDRL BY ELISA,(VDRL) BY ELISA,-,Decimal,p2368,(VDRL) BY ELISA,-,numeric,,
12185,VMA (24 HRS URINE),VMA (24 Hrs Urine),mg/24 Hrs,Decimal,p2369,VMA (24 Hrs Urine),mg/24 Hrs,numeric,,
12185,VMA (24 HRS URINE),Volume,ml,Decimal,p2370,Volume,ml,numeric,,
12289,Semen Analysis,Volume,ml,Decimal,p2370,Volume,ml,numeric,,
15,BLOOD C/E,White Blood Cell (WBC/TLC),*10^9/l,Decimal,p2371,White Blood Cell (WBC/TLC),*10^9/l,numeric,,
32,DLC,White Blood Cell (WBC/TLC),*10^9/l,Decimal,p2371,White Blood Cell (WBC/TLC),*10^9/l,numeric,,
42,HB. ELECTROPHORESIS,White Blood Cell (WBC/TLC),*10^9/l,Decimal,p2371,White Blood Cell (WBC/TLC),*10^9/l,numeric,,
5489,BLOOD C/E WITH ESR,White Blood Cell (WBC/TLC),*10^9/l,Decimal,p2371,White Blood Cell (WBC/TLC),*10^9/l,numeric,,
5599,DLC,White Blood Cell (WBC/TLC),*10^9/l,Decimal,p2371,White Blood Cell (WBC/TLC),*10^9/l,numeric,,
5700,BLOOD C/E,White Blood Cell (WBC/TLC),*10^9/l,Decimal,p2371,White Blood Cell (WBC/TLC),*10^9/l,numeric,,
10701,CBC with Peripheral Film,White Blood Cell (WBC/TLC),*10^9/l,Decimal,p2371,White Blood Cell (WBC/TLC),*10^9/l,numeric,,
11983,HB. ELECTROPHORESIS,White Blood Cell (WBC/TLC),*10^9/l,Decimal,p2371,White Blood Cell (WBC/TLC),*10^9/l,numeric,,
12280,Complete Blood Count- CBC,White Blood Cell (WBC/TLC),*10^9/l,Decimal,p2371,White Blood Cell (WBC/TLC),*10^9/l,numeric,,
12306,CBC For Dengue,White Blood Cell (WBC/TLC),*10^9/l,Decimal,p2371,White Blood Cell (WBC/TLC),*10^9/l,numeric,,
12343,Complete Blood Count- CBC with ESR,White Blood Cell (WBC/TLC),*10^9/l,Decimal,p2371,White Blood Cell (WBC/TLC),*10^9/l,numeric,,
12344,Complete Blood Count- CBC with Blood Group,White Blood Cell (WBC/TLC),*10^9/l,Decimal,p2371,White Blood Cell (WBC/TLC),*10^9/l,numeric,,
12346,Complete Blood Count- CBC,White Blood Cell (WBC/TLC),*10^9/l,Decimal,p2371,White Blood Cell (WBC/TLC),*10^9/l,numeric,,
12347,Complete Blood Count- CBC with Peripheral smear,White Blood Cell (WBC/TLC),*10^9/l,Decimal,p2371,White Blood Cell (WBC/TLC),*10^9/l,numeric,,
73,WBC Count (TLC),White Blood Cell (WBC/TLC),*10^9/l,Decimal,p2371,White Blood Cell (WBC/TLC),*10^9/l,numeric,,
5697,WBC Count (TLC),White Blood Cell (WBC/TLC),*10^9/l,Decimal,p2371,White Blood Cell (WBC/TLC),*10^9/l,numeric,,
11992,WBC Count (TLC),White Blood Cell (WBC/TLC),*10^9/l,Decimal,p2371,White Blood Cell (WBC/TLC),*10^9/l,numeric,,
12284,Urine Complete Examination,Yeast Cells,,Text,p2372,Yeast Cells,,text,,
